,Player,Pos,Age,Tm,G,GS,MP,FG,FGA,FG%,3P,3PA,3P%,2P,2PA,2P%,eFG%,FT,FTA,FT%,ORB,DRB,TRB,AST,STL,BLK,TOV,PF,PTS
0,,,,,,,,,,,,,,,,,,,,,,,,,,,,,
1,Steven Adams,C,26,OKC,61,61,27.1,4.6,7.7,.595,0.0,0.0,.333,4.6,7.6,.597,.596,1.9,3.3,.588,3.3,6.0,9.4,2.4,0.8,1.1,1.5,2.0,11.1
2,Bam Adebayo,PF,22,MIA,70,70,34.0,6.2,11.1,.559,0.0,0.2,.143,6.2,10.9,.566,.560,3.7,5.4,.693,2.5,7.9,10.3,5.1,1.2,1.3,2.9,2.6,16.1
3,LaMarcus Aldridge,C,34,SAS,53,53,33.1,7.4,15.0,.493,1.2,3.0,.389,6.2,12.0,.519,.532,3.0,3.6,.827,1.9,5.5,7.4,2.4,0.7,1.6,1.4,2.4,18.9
4,Kyle Alexander,PF,23,MIA,1,0,1.0,0.0,1.0,.000,0.0,0.0,,0.0,1.0,.000,.000,0.0,0.0,,1.0,0.0,1.0,0.0,0.0,0.0,0.0,0.0,0.0
5,Nickeil Alexander-Walker,SG,21,NOP,45,0,11.8,1.9,5.3,.353,1.0,2.7,.352,0.9,2.6,.353,.443,0.4,0.7,.600,0.2,1.7,1.8,1.7,0.3,0.2,1.0,1.1,5.1
6,Grayson Allen,SG,24,MEM,36,0,18.4,3.0,6.4,.468,1.5,3.6,.415,1.5,2.8,.535,.584,1.1,1.3,.867,0.2,2.0,2.2,1.4,0.3,0.1,0.9,1.4,8.6
7,Jarrett Allen,C,21,BRK,69,63,26.3,4.3,6.6,.650,0.0,0.1,.000,4.3,6.5,.659,.650,2.4,3.8,.640,3.0,6.5,9.6,1.5,0.6,1.3,1.1,2.3,11.0
8,Kadeem Allen,SG,27,NYK,10,0,11.7,1.9,4.4,.432,0.5,1.6,.313,1.4,2.8,.500,.489,0.7,1.1,.636,0.2,0.7,0.9,2.1,0.5,0.2,0.8,0.7,5.0
9,Al-Farouq Aminu,PF,29,ORL,18,2,21.1,1.4,4.8,.291,0.5,2.0,.250,0.9,2.8,.320,.343,1.1,1.6,.655,1.3,3.5,4.8,1.2,1.0,0.4,0.9,1.5,4.3
10,Justin Anderson,SF,26,BRK,8,0,8.8,1.0,2.6,.381,0.6,1.9,.333,0.4,0.8,.500,.500,0.3,0.4,.667,0.1,1.8,1.9,0.8,0.0,0.6,0.1,1.0,2.9
11,Kyle Anderson,PF,26,MEM,65,26,19.7,2.3,4.9,.476,0.3,1.2,.256,2.0,3.7,.548,.508,0.8,1.1,.676,0.9,3.4,4.2,2.4,0.8,0.5,1.0,1.6,5.8
12,Ryan Anderson,PF,31,HOU,2,0,7.0,1.0,3.5,.286,0.5,2.5,.200,0.5,1.0,.500,.357,0.0,0.0,,0.0,3.5,3.5,1.0,0.5,0.0,0.5,0.5,2.5
13,Giannis Antetokounmpo,PF,25,MIL,62,62,30.8,11.0,19.9,.554,1.4,4.7,.304,9.6,15.2,.632,.590,6.3,10.0,.629,2.2,11.4,13.7,5.7,1.0,1.1,3.7,3.1,29.8
14,Kostas Antetokounmpo,PF,22,LAL,4,0,2.3,0.0,0.0,,0.0,0.0,,0.0,0.0,,,0.0,0.0,,0.0,0.3,0.3,0.3,0.0,0.0,0.0,0.3,0.0
15,Thanasis Antetokounmpo,SF,27,MIL,18,2,5.2,1.1,2.0,.528,0.0,0.4,.000,1.1,1.6,.655,.528,0.4,0.8,.467,0.6,0.4,1.1,0.5,0.3,0.1,0.6,0.7,2.5
16,Carmelo Anthony,PF,35,POR,56,56,32.7,5.8,13.4,.428,1.5,3.9,.382,4.3,9.6,.446,.483,2.4,2.8,.847,1.2,5.1,6.3,1.5,0.8,0.5,1.7,2.9,15.4
17,OG Anunoby,SF,22,TOR,68,67,30.0,4.2,8.2,.507,1.3,3.3,.394,2.9,4.9,.584,.587,1.0,1.4,.704,1.1,4.1,5.3,1.5,1.4,0.7,1.1,2.4,10.7
18,Ryan Arcidiacono,PG,25,CHI,58,4,16.0,1.6,3.8,.409,0.9,2.4,.391,0.6,1.4,.439,.532,0.5,0.7,.711,0.3,1.6,1.9,1.7,0.5,0.1,0.6,1.7,4.5
19,Trevor Ariza,SF,34,TOT,53,21,28.2,2.7,6.1,.438,1.5,3.9,.372,1.2,2.2,.556,.557,1.2,1.4,.838,0.6,4.0,4.6,1.7,1.3,0.3,1.1,2.1,8.0
20,Trevor Ariza,SF,34,SAC,32,0,24.7,2.0,5.2,.388,1.3,3.8,.352,0.7,1.3,.488,.518,0.7,0.8,.778,0.7,3.9,4.6,1.6,1.1,0.2,0.9,2.0,6.0
21,Trevor Ariza,SF,34,POR,21,21,33.4,3.7,7.6,.491,1.6,4.0,.400,2.1,3.5,.595,.597,2.0,2.2,.872,0.6,4.1,4.8,2.0,1.6,0.4,1.3,2.3,11.0
22,D.J. Augustin,PG,32,ORL,55,12,25.0,3.2,8.1,.397,1.3,3.5,.354,1.9,4.5,.431,.475,2.7,3.1,.882,0.4,1.7,2.1,4.6,0.6,0.0,1.5,1.2,10.4
23,,,,,,,,,,,,,,,,,,,,,,,,,,,,,
24,Deandre Ayton,C,21,PHO,35,30,33.2,8.5,15.4,.550,0.1,0.3,.300,8.4,15.1,.555,.553,1.9,2.5,.759,3.9,7.7,11.7,1.9,0.7,1.6,2.3,3.2,18.9
25,Dwayne Bacon,SG,24,CHO,39,11,17.6,2.2,6.3,.348,0.5,1.7,.284,1.7,4.5,.373,.387,0.9,1.4,.660,0.4,2.2,2.6,1.3,0.6,0.1,0.9,1.3,5.7
26,Marvin Bagley III,PF,20,SAC,13,6,25.7,6.0,12.8,.467,0.3,1.7,.182,5.7,11.2,.510,.479,1.9,2.4,.806,2.2,5.2,7.5,0.8,0.5,0.9,1.4,3.3,14.2
27,Lonzo Ball,PG,22,NOP,62,53,32.2,4.4,10.9,.401,2.3,6.3,.370,2.1,4.7,.443,.507,0.7,1.2,.554,1.1,5.0,6.1,7.0,1.4,0.6,3.0,2.0,11.8
28,Mo Bamba,C,21,ORL,62,0,14.2,2.1,4.6,.462,0.6,1.7,.346,1.5,2.9,.531,.526,0.5,0.7,.674,1.6,3.3,4.9,0.7,0.4,1.4,0.7,1.9,5.4
29,J.J. Barea,PG,35,DAL,27,5,15.0,2.7,6.7,.407,1.1,2.8,.382,1.7,3.9,.425,.486,0.7,0.7,.900,0.4,1.4,1.8,3.7,0.2,0.1,1.3,0.9,7.2
30,Harrison Barnes,PF,27,SAC,70,70,34.6,5.1,11.0,.462,1.4,3.7,.379,3.7,7.3,.504,.526,3.0,3.7,.801,1.0,3.9,4.9,2.2,0.6,0.1,1.2,1.3,14.5
31,RJ Barrett,SG,19,NYK,56,55,30.4,5.2,13.0,.402,1.1,3.5,.320,4.1,9.5,.432,.445,2.8,4.5,.614,0.9,4.1,5.0,2.6,1.0,0.3,2.2,2.2,14.3
32,Will Barton,SF,29,DEN,58,58,33.0,5.7,12.7,.450,1.9,5.0,.375,3.9,7.8,.498,.523,1.8,2.3,.767,1.3,5.0,6.3,3.7,1.1,0.5,1.5,2.1,15.1
33,Keita Bates-Diop,SF,24,TOT,41,0,16.9,2.2,5.1,.427,0.8,2.3,.337,1.4,2.8,.500,.502,1.2,1.7,.710,0.5,2.3,2.8,0.7,0.4,0.5,0.3,0.9,6.4
34,Keita Bates-Diop,SF,24,MIN,37,0,17.5,2.4,5.6,.422,0.8,2.5,.330,1.5,3.0,.500,.498,1.2,1.8,.708,0.6,2.4,3.0,0.8,0.5,0.5,0.4,1.0,6.8
35,Keita Bates-Diop,SF,24,DEN,4,0,11.3,0.8,1.3,.600,0.3,0.3,1.000,0.5,1.0,.500,.700,0.8,1.0,.750,0.3,1.0,1.3,0.0,0.3,0.3,0.0,0.5,2.5
36,Nicolas Batum,SF,31,CHO,22,3,23.0,1.3,3.7,.346,0.6,2.2,.286,0.6,1.5,.438,.432,0.4,0.5,.900,1.1,3.4,4.5,3.0,0.8,0.4,1.0,1.9,3.6
37,Aron Baynes,C,33,PHO,42,28,22.2,4.4,9.1,.480,1.4,4.0,.351,3.0,5.1,.582,.558,1.3,1.8,.747,1.7,4.0,5.6,1.6,0.2,0.5,1.2,3.4,11.5
38,Kent Bazemore,SF-SG,30,TOT,68,21,24.8,2.9,7.9,.375,1.2,3.6,.344,1.7,4.3,.400,.453,1.7,2.2,.769,0.4,3.9,4.3,1.4,1.1,0.6,1.3,2.9,8.8
39,Kent Bazemore,SF,30,POR,43,21,25.8,2.6,7.6,.347,1.3,4.0,.327,1.3,3.6,.368,.433,1.3,1.7,.806,0.3,3.7,4.0,1.4,1.0,0.7,1.4,2.8,7.9
40,Kent Bazemore,SG,30,SAC,25,0,23.1,3.5,8.3,.418,1.1,2.9,.384,2.4,5.4,.437,.486,2.2,3.0,.733,0.6,4.3,4.9,1.3,1.2,0.4,1.2,3.0,10.3
41,Darius Bazley,PF,19,OKC,58,8,17.9,1.8,4.7,.385,0.7,2.1,.323,1.1,2.6,.437,.458,0.7,0.9,.717,0.4,3.4,3.8,0.6,0.4,0.6,0.7,0.9,5.0
42,Bradley Beal,SG,26,WAS,57,57,36.0,10.4,22.9,.455,3.0,8.4,.353,7.4,14.4,.515,.520,6.8,8.0,.842,0.9,3.3,4.2,6.1,1.2,0.4,3.4,2.2,30.5
43,Malik Beasley,SG,23,TOT,55,14,22.0,4.1,9.7,.425,1.9,5.0,.388,2.2,4.7,.465,.525,1.0,1.2,.818,0.3,2.4,2.7,1.4,0.7,0.1,1.0,1.4,11.2
44,Malik Beasley,SG,23,DEN,41,0,18.2,2.9,7.3,.389,1.4,3.9,.360,1.4,3.4,.421,.485,0.8,0.9,.868,0.2,1.7,1.9,1.2,0.8,0.1,0.9,1.2,7.9
45,Malik Beasley,SG,23,MIN,14,14,33.1,7.9,16.6,.472,3.5,8.2,.426,4.4,8.4,.517,.577,1.5,2.0,.750,0.6,4.4,5.1,1.9,0.6,0.1,1.5,1.9,20.7
46,Marco Belinelli,SG,33,SAS,55,0,15.1,2.0,5.3,.384,1.1,3.0,.365,0.9,2.3,.408,.488,0.9,1.0,.839,0.1,1.6,1.7,1.2,0.2,0.0,0.3,0.8,6.0
47,Jordan Bell,C-PF,25,TOT,29,0,8.8,1.2,2.3,.522,0.1,0.4,.333,1.1,1.9,.564,.552,0.7,1.1,.613,1.0,1.8,2.8,0.6,0.1,0.3,0.7,0.7,3.2
48,Jordan Bell,C,25,MIN,27,0,8.7,1.2,2.2,.533,0.1,0.3,.222,1.1,1.9,.588,.550,0.6,1.1,.586,1.0,1.9,2.9,0.5,0.1,0.4,0.7,0.6,3.1
49,Jordan Bell,PF,25,MEM,2,0,10.5,1.5,3.5,.429,1.0,1.5,.667,0.5,2.0,.250,.571,1.0,1.0,1.000,1.0,0.5,1.5,1.0,0.5,0.0,1.5,1.0,5.0
50,DeAndre' Bembry,SG,25,ATL,43,4,21.3,2.4,5.3,.456,0.3,1.5,.231,2.1,3.8,.546,.489,0.6,1.1,.542,0.8,2.7,3.5,1.9,1.3,0.4,1.4,2.0,5.8
51,Dragan Bender,SF,22,TOT,16,3,17.9,2.6,5.8,.446,0.9,2.7,.349,1.6,3.1,.531,.527,0.6,0.9,.714,1.0,3.6,4.6,1.8,0.3,0.6,1.3,2.6,6.7
52,Dragan Bender,SF,22,MIL,7,0,13.0,1.4,3.0,.476,0.6,1.3,.444,0.9,1.7,.500,.571,0.3,0.4,.667,0.0,2.9,2.9,1.3,0.0,0.7,0.7,2.3,3.7
53,Dragan Bender,SF,22,GSW,9,3,21.7,3.4,7.9,.437,1.2,3.8,.324,2.2,4.1,.541,.514,0.9,1.2,.727,1.8,4.1,5.9,2.1,0.4,0.4,1.8,2.9,9.0
54,,,,,,,,,,,,,,,,,,,,,,,,,,,,,
55,Dāvis Bertāns,PF,27,WAS,54,4,29.3,4.9,11.3,.434,3.7,8.7,.424,1.2,2.6,.471,.598,1.9,2.3,.852,0.6,3.9,4.5,1.7,0.7,0.6,1.1,2.6,15.4
56,Patrick Beverley,PG,31,LAC,51,50,26.3,2.9,6.7,.431,1.6,4.0,.388,1.3,2.6,.496,.548,0.6,0.9,.660,1.1,4.1,5.2,3.6,1.1,0.5,1.3,3.1,7.9
57,Khem Birch,C,27,ORL,46,24,19.0,1.4,2.8,.508,0.0,0.0,.000,1.4,2.8,.512,.508,1.3,2.0,.648,1.8,2.7,4.5,1.0,0.4,0.5,0.6,1.9,4.2
58,Goga Bitadze,C,20,IND,51,2,8.5,1.3,2.7,.474,0.2,0.8,.200,1.1,1.9,.588,.504,0.5,0.6,.727,0.5,1.5,1.9,0.4,0.1,0.7,0.5,1.2,3.2
59,Bismack Biyombo,C,27,CHO,53,29,19.4,2.8,5.2,.543,0.0,0.0,,2.8,5.2,.543,.543,1.7,2.8,.603,2.3,3.5,5.8,0.9,0.2,0.9,0.9,2.2,7.4
60,Nemanja Bjelica,PF,31,SAC,70,65,27.8,4.4,9.1,.480,1.9,4.4,.421,2.5,4.6,.535,.583,0.9,1.1,.816,1.6,4.8,6.4,2.7,0.8,0.5,1.4,3.0,11.5
61,Eric Bledsoe,PG,30,MIL,59,59,27.1,5.6,11.6,.480,1.2,3.6,.348,4.3,8.1,.539,.534,2.8,3.5,.810,0.7,3.9,4.6,5.3,0.9,0.4,2.5,2.1,15.2
62,Bogdan Bogdanović,SG,27,SAC,59,26,28.8,5.4,12.4,.435,2.7,7.3,.369,2.7,5.2,.528,.543,1.4,1.9,.739,0.4,2.9,3.3,3.2,1.0,0.3,1.6,2.3,14.9
63,Bojan Bogdanović,SF,30,UTA,63,63,33.1,6.6,14.8,.447,3.0,7.3,.414,3.6,7.6,.479,.548,4.0,4.4,.903,0.6,3.5,4.1,2.1,0.5,0.1,2.5,1.7,20.2
64,Bol Bol,C,20,DEN,4,0,10.0,1.8,3.3,.538,0.5,1.0,.500,1.3,2.3,.556,.615,0.3,0.3,1.000,0.8,1.5,2.3,0.5,0.3,0.3,1.3,1.3,4.3
65,Jonah Bolden,PF,24,TOT,7,0,6.7,0.6,1.6,.364,0.0,0.6,.000,0.6,1.0,.571,.364,0.3,0.6,.500,0.4,0.9,1.3,0.0,0.4,0.3,0.3,1.4,1.4
66,Jonah Bolden,PF,24,PHI,4,0,3.5,0.5,0.8,.667,0.0,0.3,.000,0.5,0.5,1.000,.667,0.0,0.5,.000,0.0,0.3,0.3,0.0,0.3,0.0,0.5,1.0,1.0
67,Jonah Bolden,PF,24,PHO,3,0,11.0,0.7,2.7,.250,0.0,1.0,.000,0.7,1.7,.400,.250,0.7,0.7,1.000,1.0,1.7,2.7,0.0,0.7,0.7,0.0,2.0,2.0
68,Marques Bolden,C,21,CLE,1,0,3.0,0.0,0.0,,0.0,0.0,,0.0,0.0,,,0.0,0.0,,0.0,2.0,2.0,0.0,1.0,0.0,0.0,1.0,0.0
69,Jordan Bone,PG,22,DET,10,0,5.3,0.5,2.0,.250,0.2,1.0,.200,0.3,1.0,.300,.300,0.0,0.0,,0.0,0.4,0.4,0.8,0.1,0.0,0.2,0.6,1.2
70,Isaac Bonga,SF,20,WAS,64,47,18.6,1.7,3.5,.502,0.4,1.1,.353,1.4,2.4,.569,.557,1.1,1.3,.819,1.1,2.3,3.4,1.1,0.7,0.3,0.8,2.4,4.9
71,Devin Booker,SG,23,PHO,67,67,36.0,8.9,18.2,.488,2.0,5.7,.356,6.9,12.5,.548,.543,6.5,7.1,.916,0.4,3.7,4.1,6.6,0.7,0.2,3.9,3.1,26.4
72,Chris Boucher,PF,27,TOR,59,0,12.6,2.1,4.5,.462,0.5,1.7,.294,1.6,2.7,.568,.519,1.4,1.8,.792,1.6,2.6,4.2,0.4,0.3,0.9,0.4,1.8,6.1
73,Brian Bowen,SG,21,IND,5,1,5.8,0.4,1.8,.222,0.0,0.4,.000,0.4,1.4,.286,.222,0.0,0.0,,0.2,1.2,1.4,0.0,0.0,0.2,0.2,0.4,0.8
74,Ky Bowman,PG,22,GSW,45,12,22.6,3.0,7.1,.417,0.7,2.4,.308,2.2,4.8,.472,.469,0.8,0.9,.829,0.5,2.2,2.7,2.9,1.0,0.2,1.6,2.3,7.4
75,Avery Bradley,SG,29,LAL,49,44,24.2,3.5,7.8,.444,1.3,3.5,.364,2.2,4.3,.510,.526,0.4,0.5,.833,0.4,2.0,2.3,1.3,0.9,0.1,1.0,2.2,8.6
76,Tony Bradley,C,22,UTA,56,2,11.2,2.2,3.2,.672,0.0,0.0,1.000,2.1,3.2,.669,.678,0.5,0.8,.652,1.9,2.6,4.5,0.4,0.3,0.6,0.5,2.0,4.9
77,,,,,,,,,,,,,,,,,,,,,,,,,,,,,
78,Jarrell Brantley,PF,23,UTA,7,0,6.3,0.4,1.1,.375,0.3,0.6,.500,0.1,0.6,.250,.500,0.0,0.0,,0.1,1.7,1.9,0.6,0.3,0.4,0.6,0.6,1.1
79,Ignas Brazdeikis,SF,21,NYK,9,0,5.9,0.7,2.4,.273,0.1,1.0,.111,0.6,1.4,.385,.295,0.4,0.6,.800,0.2,0.3,0.6,0.4,0.0,0.1,0.2,0.3,1.9
80,Corey Brewer,SG,33,SAC,4,0,7.8,0.5,1.0,.500,0.0,0.3,.000,0.5,0.8,.667,.500,0.3,0.8,.333,0.5,1.5,2.0,0.3,1.0,0.0,0.5,1.8,1.3
81,Mikal Bridges,SF,23,PHO,70,29,27.9,3.2,6.4,.504,0.9,2.5,.339,2.4,3.9,.612,.571,1.4,1.6,.843,0.9,3.1,4.0,1.8,1.4,0.6,1.0,2.2,8.7
82,Miles Bridges,SF,21,CHO,65,64,30.7,4.9,11.6,.424,1.5,4.6,.330,3.4,7.0,.486,.489,1.6,2.0,.809,1.4,4.2,5.6,1.8,0.6,0.7,1.5,2.0,13.0
83,Oshae Brissett,SF,21,TOR,19,0,7.1,0.7,1.9,.361,0.2,0.8,.200,0.5,1.1,.476,.403,0.4,0.5,.800,0.5,0.9,1.4,0.4,0.2,0.1,0.4,0.9,1.9
84,Ryan Broekhoff,SG,29,DAL,17,1,10.6,1.3,3.5,.373,1.2,3.0,.392,0.1,0.5,.250,.542,0.4,0.5,.875,0.3,2.2,2.5,0.6,0.3,0.2,0.4,0.9,4.2
85,Malcolm Brogdon,PG,27,IND,52,52,31.0,6.1,13.8,.440,1.4,4.2,.323,4.7,9.6,.492,.490,3.1,3.5,.895,0.8,4.0,4.8,7.1,0.7,0.2,2.4,1.8,16.6
86,Dillon Brooks,SG,24,MEM,71,71,28.8,5.9,14.6,.404,2.0,5.6,.358,3.9,8.9,.433,.473,2.2,2.7,.809,0.9,2.4,3.4,2.0,0.9,0.4,1.7,3.9,16.0
87,Bruce Brown,SG,23,DET,58,43,28.2,3.4,7.7,.443,0.6,1.7,.344,2.8,6.1,.470,.480,1.5,2.1,.739,1.1,3.7,4.7,4.0,1.1,0.5,1.7,2.8,8.9
88,Charlie Brown,SG,22,ATL,10,0,4.0,0.6,1.9,.316,0.3,0.9,.333,0.3,1.0,.300,.395,0.5,0.5,1.000,0.2,0.2,0.4,0.2,0.2,0.2,0.3,0.3,2.0
89,Jaylen Brown,SF,23,BOS,56,56,34.0,7.6,15.6,.485,2.3,5.9,.388,5.3,9.7,.544,.558,3.1,4.3,.730,1.1,5.3,6.4,2.1,1.1,0.3,2.2,2.9,20.6
90,Moses Brown,C,20,POR,9,0,3.7,0.4,1.1,.400,0.0,0.0,,0.4,1.1,.400,.400,0.3,0.9,.375,0.3,1.2,1.6,0.1,0.1,0.1,0.3,0.8,1.2
91,Sterling Brown,SF,24,MIL,49,1,14.6,1.7,4.8,.365,0.8,2.5,.306,1.0,2.2,.431,.446,0.6,0.8,.789,0.6,3.0,3.6,1.0,0.5,0.1,0.8,1.0,4.9
92,Troy Brown Jr.,SG,20,WAS,67,20,25.6,4.0,8.8,.448,0.9,2.5,.341,3.1,6.3,.492,.497,1.5,2.0,.779,1.1,4.4,5.5,2.6,1.2,0.1,1.1,1.9,10.3
93,Jalen Brunson,PG,23,DAL,57,16,17.9,3.2,6.8,.466,0.8,2.1,.358,2.4,4.7,.515,.522,1.1,1.3,.813,0.4,2.0,2.4,3.3,0.4,0.1,1.2,1.3,8.2
94,Thomas Bryant,C,22,WAS,44,34,24.7,5.2,9.0,.579,0.8,1.9,.393,4.4,7.0,.629,.621,1.8,2.5,.743,2.1,5.0,7.1,1.8,0.5,1.0,1.1,2.3,13.0
95,Reggie Bullock,SG,28,NYK,29,19,23.6,3.1,7.7,.402,1.3,3.8,.333,1.8,3.9,.469,.484,0.6,0.7,.810,0.4,1.9,2.3,1.4,0.9,0.1,0.7,1.9,8.1
96,Trey Burke,PG,27,TOT,30,0,14.9,2.7,6.1,.451,0.9,2.2,.409,1.8,3.9,.474,.525,0.6,0.8,.760,0.5,0.9,1.5,2.2,0.4,0.0,0.5,1.0,7.0
97,Trey Burke,PG,27,PHI,25,0,13.2,2.4,5.1,.465,0.6,1.5,.421,1.7,3.6,.483,.528,0.5,0.7,.722,0.6,0.8,1.4,2.1,0.3,0.0,0.5,0.8,5.9
98,Trey Burke,PG,27,DAL,5,0,23.4,4.6,11.0,.418,2.2,5.6,.393,2.4,5.4,.444,.518,1.2,1.4,.857,0.2,1.6,1.8,2.8,1.0,0.0,0.6,1.6,12.6
99,Alec Burks,SG,28,TOT,64,18,26.6,4.8,11.6,.414,1.7,4.5,.379,3.1,7.0,.436,.488,3.6,4.1,.889,0.7,3.6,4.3,2.8,0.9,0.3,1.4,2.0,14.9
100,Alec Burks,SG,28,GSW,48,18,29.0,5.1,12.5,.406,1.8,4.7,.375,3.3,7.9,.424,.476,4.2,4.7,.897,0.8,3.9,4.7,3.1,1.0,0.4,1.6,2.2,16.1
101,Alec Burks,SG,28,PHI,16,0,19.6,3.9,8.7,.446,1.6,4.1,.394,2.3,4.6,.493,.540,1.9,2.3,.838,0.6,2.5,3.1,1.8,0.6,0.0,0.9,1.3,11.3
102,,,,,,,,,,,,,,,,,,,,,,,,,,,,,
103,Deonte Burton,SG,26,OKC,37,0,8.0,1.1,2.9,.367,0.3,1.3,.204,0.8,1.6,.500,.413,0.2,0.3,.500,0.2,1.1,1.3,0.3,0.2,0.3,0.4,0.8,2.6
104,Jimmy Butler,SF,30,MIA,56,56,34.2,6.0,13.3,.456,0.5,2.1,.248,5.5,11.2,.494,.475,7.6,9.1,.837,1.8,4.8,6.6,6.1,1.7,0.6,2.2,1.4,20.2
105,Bruno Caboclo,SF,24,TOT,28,0,7.9,1.1,2.8,.416,0.1,1.0,.143,1.0,1.8,.571,.442,0.2,0.3,.857,0.8,1.1,1.9,0.4,0.4,0.6,0.3,1.0,2.6
106,Bruno Caboclo,SF,24,MEM,22,0,8.7,1.3,3.1,.406,0.2,1.1,.160,1.1,2.0,.545,.435,0.1,0.1,.667,0.8,1.2,2.0,0.5,0.5,0.5,0.3,1.0,2.8
107,Bruno Caboclo,SF,24,HOU,6,0,5.0,0.7,1.3,.500,0.0,0.5,.000,0.7,0.8,.800,.500,0.7,0.7,1.000,0.8,0.7,1.5,0.3,0.3,0.7,0.3,0.7,2.0
108,Kentavious Caldwell-Pope,SG,26,LAL,69,26,25.5,3.4,7.3,.467,1.3,3.5,.385,2.1,3.9,.541,.558,1.1,1.5,.775,0.6,1.5,2.1,1.6,0.8,0.2,0.9,1.9,9.3
109,Vlatko Čančar,SF,22,DEN,14,0,3.2,0.4,1.1,.400,0.1,0.4,.167,0.4,0.6,.556,.433,0.3,0.3,1.000,0.4,0.4,0.7,0.2,0.1,0.1,0.2,0.5,1.2
110,Clint Capela,C,25,HOU,39,39,32.8,6.3,9.9,.629,0.0,0.0,,6.3,9.9,.629,.629,1.4,2.7,.529,4.3,9.5,13.8,1.2,0.8,1.8,1.6,2.6,13.9
111,DeMarre Carroll,SF,33,TOT,21,0,11.0,1.0,2.6,.389,0.3,1.3,.259,0.7,1.3,.519,.454,1.1,1.7,.667,0.5,1.7,2.2,0.9,0.2,0.2,0.8,1.3,3.5
112,DeMarre Carroll,SF,33,SAS,15,0,9.0,0.6,1.9,.310,0.2,0.9,.231,0.4,1.1,.375,.362,0.8,1.3,.600,0.5,1.6,2.1,0.7,0.1,0.1,0.7,1.3,2.2
113,DeMarre Carroll,SF,33,HOU,6,0,16.0,2.0,4.2,.480,0.7,2.3,.286,1.3,1.8,.727,.560,2.0,2.7,.750,0.7,2.0,2.7,1.2,0.3,0.3,1.0,1.3,6.7
114,Jevon Carter,PG,24,PHO,55,2,15.7,1.7,4.2,.405,1.0,2.5,.406,0.7,1.7,.404,.526,0.4,0.5,.852,0.5,1.5,2.0,1.4,0.8,0.3,0.6,1.5,4.9
115,Vince Carter,SF,43,ATL,60,0,14.6,1.8,5.1,.352,1.0,3.4,.302,0.8,1.7,.451,.452,0.4,0.5,.793,0.3,1.8,2.1,0.8,0.4,0.4,0.6,1.5,5.0
116,Wendell Carter Jr.,C,20,CHI,43,43,29.2,4.3,8.0,.534,0.1,0.7,.207,4.1,7.3,.564,.542,2.6,3.5,.737,3.2,6.2,9.4,1.2,0.8,0.8,1.7,3.8,11.3
117,Michael Carter-Williams,SG,28,ORL,45,0,18.5,2.5,5.8,.427,0.5,1.7,.293,2.0,4.1,.481,.469,1.8,2.1,.832,1.0,2.2,3.3,2.4,1.1,0.5,1.2,1.9,7.2
118,Alex Caruso,PG,25,LAL,63,2,18.3,1.9,4.6,.414,0.6,1.9,.333,1.3,2.7,.471,.483,1.1,1.5,.750,0.3,1.7,2.0,1.9,1.1,0.3,0.8,1.5,5.5
119,Willie Cauley-Stein,C,26,TOT,54,39,20.3,3.2,5.6,.579,0.0,0.0,.000,3.2,5.6,.581,.579,0.7,1.2,.606,1.6,4.3,5.8,1.3,0.9,1.1,0.7,2.2,7.2
120,Willie Cauley-Stein,C,26,GSW,41,37,22.9,3.5,6.3,.560,0.0,0.0,,3.5,6.3,.560,.560,0.9,1.4,.614,1.7,4.5,6.2,1.5,1.1,1.2,0.9,2.5,7.9
121,Willie Cauley-Stein,C,26,DAL,13,2,12.1,2.4,3.5,.689,0.0,0.1,.000,2.4,3.4,.705,.689,0.4,0.7,.556,1.0,3.6,4.6,0.8,0.3,0.8,0.4,1.5,5.2
122,Tyson Chandler,C,37,HOU,26,5,8.4,0.5,0.7,.778,0.0,0.0,,0.5,0.7,.778,.778,0.2,0.5,.462,1.0,1.6,2.5,0.2,0.2,0.3,0.3,1.2,1.3
123,Wilson Chandler,SF,32,BRK,35,3,21.0,2.1,5.2,.404,1.1,3.5,.306,1.1,1.8,.597,.505,0.6,0.7,.870,0.3,3.8,4.1,1.1,0.5,0.3,1.0,2.3,5.9
124,Joe Chealey,PG,24,CHO,4,0,8.3,0.0,1.8,.000,0.0,1.0,.000,0.0,0.8,.000,.000,0.5,0.5,1.000,0.0,0.0,0.0,0.3,1.0,0.0,0.5,0.5,0.5
125,Zylan Cheatham,SF,24,NOP,3,0,10.3,0.7,1.7,.400,0.0,0.3,.000,0.7,1.3,.500,.400,0.0,0.0,,0.3,1.7,2.0,0.7,0.0,0.3,1.0,1.7,1.3
126,Chris Chiozza,PG,24,TOT,27,1,14.1,2.0,5.0,.403,1.0,2.6,.377,1.0,2.4,.431,.500,0.2,0.2,1.000,0.3,1.6,1.9,2.9,0.6,0.1,1.2,1.3,5.1
127,Chris Chiozza,PG,24,WAS,10,0,12.3,1.0,3.4,.294,0.7,1.6,.438,0.3,1.8,.167,.397,0.0,0.0,,0.0,1.5,1.5,2.8,1.0,0.2,0.9,1.2,2.7
128,Chris Chiozza,PG,24,BRK,17,1,15.1,2.6,5.9,.440,1.1,3.1,.358,1.5,2.8,.532,.535,0.3,0.3,1.000,0.5,1.6,2.1,2.9,0.4,0.1,1.4,1.4,6.6
129,Marquese Chriss,PF,22,GSW,59,21,20.3,3.6,6.5,.545,0.1,0.7,.205,3.4,5.9,.584,.556,2.0,2.6,.769,1.9,4.3,6.2,1.9,0.7,1.1,1.3,2.1,9.3
130,Gary Clark,PF,25,TOT,40,3,12.9,1.3,3.1,.403,0.9,2.6,.352,0.3,0.5,.684,.552,0.2,0.3,.900,0.9,1.8,2.7,0.4,0.2,0.5,0.2,1.1,3.7
131,Gary Clark,PF,25,HOU,18,0,11.8,1.3,3.3,.390,1.0,2.8,.353,0.3,0.4,.625,.542,0.3,0.4,.857,0.6,1.6,2.2,0.7,0.1,0.4,0.1,1.2,3.9
132,Gary Clark,PF,25,ORL,22,3,13.7,1.2,3.0,.415,0.9,2.5,.352,0.4,0.5,.727,.562,0.1,0.1,1.000,1.1,1.9,3.0,0.2,0.2,0.5,0.3,1.0,3.5
133,,,,,,,,,,,,,,,,,,,,,,,,,,,,,
134,Brandon Clarke,PF,23,MEM,56,4,22.2,5.1,8.1,.625,0.4,1.1,.377,4.7,7.1,.663,.650,1.5,1.9,.774,1.6,4.3,5.9,1.4,0.6,0.8,0.9,1.7,12.1
135,Jordan Clarkson,SG,27,TOT,69,0,24.3,5.6,12.3,.454,2.1,5.8,.363,3.5,6.5,.535,.539,2.0,2.4,.835,0.7,1.9,2.6,2.0,0.7,0.2,1.4,1.5,15.2
136,Jordan Clarkson,SG,27,CLE,29,0,23.0,5.0,11.2,.442,2.0,5.5,.371,2.9,5.8,.509,.532,2.6,3.0,.884,0.7,1.7,2.4,2.4,0.6,0.3,1.3,1.1,14.6
137,Jordan Clarkson,SG,27,UTA,40,0,25.3,6.0,13.0,.462,2.1,6.0,.357,3.9,7.1,.550,.543,1.5,2.0,.782,0.7,2.1,2.8,1.6,0.7,0.2,1.4,1.8,15.7
138,Nicolas Claxton,PF,20,BRK,15,0,12.5,1.8,3.2,.563,0.1,0.5,.143,1.7,2.7,.634,.573,0.7,1.4,.524,1.3,1.7,2.9,1.1,0.1,0.5,0.6,0.9,4.4
139,Chris Clemons,SG,22,HOU,30,0,8.4,1.7,4.2,.405,1.1,3.1,.351,0.6,1.1,.563,.536,0.2,0.2,.857,0.1,0.7,0.8,0.7,0.2,0.2,0.6,0.7,4.7
140,Antonius Cleveland,SG,25,DAL,9,0,3.2,0.2,0.9,.250,0.0,0.2,.000,0.2,0.7,.333,.250,0.3,0.4,.750,0.0,0.3,0.3,0.0,0.1,0.1,0.1,0.4,0.8
141,Amir Coffey,SG,22,LAC,16,0,6.7,0.9,2.3,.417,0.2,0.6,.300,0.8,1.6,.462,.458,0.1,0.2,.333,0.3,0.6,0.9,0.6,0.1,0.1,0.4,0.9,2.1
142,John Collins,PF,22,ATL,41,41,33.2,8.6,14.8,.583,1.4,3.6,.401,7.2,11.2,.642,.632,2.9,3.7,.800,2.8,7.3,10.1,1.5,0.8,1.6,1.8,3.4,21.6
143,Zach Collins,PF,22,POR,9,9,28.1,2.9,6.0,.481,0.7,1.8,.375,2.2,4.2,.526,.537,0.7,0.9,.750,2.1,4.0,6.1,1.8,0.6,0.6,1.3,3.6,7.1
144,Mike Conley,PG,32,UTA,46,40,29.3,5.0,12.2,.409,2.0,5.5,.369,3.0,6.7,.442,.492,2.5,3.0,.827,0.7,2.6,3.2,4.5,0.8,0.1,2.0,2.3,14.5
145,Pat Connaughton,SG,27,MIL,64,1,18.5,2.0,4.4,.457,0.8,2.4,.331,1.2,2.0,.609,.548,0.4,0.6,.750,0.9,3.3,4.2,1.6,0.3,0.5,0.8,1.0,5.3
146,Quinn Cook,PG,26,LAL,43,1,11.1,2.0,4.7,.429,0.7,1.9,.375,1.3,2.9,.463,.502,0.2,0.3,.727,0.2,0.9,1.1,1.0,0.3,0.0,0.7,0.6,4.9
147,Tyler Cook,PF,22,TOT,12,0,3.2,0.6,0.8,.700,0.0,0.0,,0.6,0.8,.700,.700,0.4,0.5,.833,0.3,0.5,0.8,0.1,0.1,0.0,0.1,0.3,1.6
148,Tyler Cook,PF,22,CLE,11,0,3.2,0.6,0.9,.700,0.0,0.0,,0.6,0.9,.700,.700,0.5,0.5,.833,0.4,0.5,0.9,0.1,0.1,0.0,0.1,0.4,1.7
149,Tyler Cook,PF,22,DEN,1,0,3.0,0.0,0.0,,0.0,0.0,,0.0,0.0,,,0.0,0.0,,0.0,0.0,0.0,0.0,0.0,0.0,0.0,0.0,0.0
150,Robert Covington,PF,29,TOT,67,65,30.6,4.5,10.5,.426,2.3,6.9,.340,2.1,3.6,.592,.538,1.4,1.7,.795,0.9,5.7,6.6,1.2,1.6,1.3,1.4,3.2,12.7
151,Robert Covington,PF,29,MIN,48,47,29.4,4.5,10.3,.435,2.3,6.5,.346,2.3,3.8,.587,.544,1.6,2.0,.798,0.8,5.2,6.0,1.2,1.7,0.9,1.5,3.1,12.8
152,Robert Covington,PF,29,HOU,19,18,33.5,4.4,10.8,.403,2.6,7.9,.327,1.8,2.9,.607,.522,0.9,1.2,.783,1.3,6.8,8.2,1.4,1.5,2.2,1.3,3.4,12.3
153,Allen Crabbe,SG,27,TOT,37,1,17.6,1.7,4.8,.356,1.0,3.2,.303,0.7,1.6,.466,.458,0.3,0.4,.714,0.3,1.8,2.1,0.9,0.4,0.1,0.5,1.3,4.6
154,Allen Crabbe,SG,27,ATL,28,1,18.6,1.9,5.1,.364,1.1,3.3,.323,0.8,1.8,.440,.469,0.3,0.4,.750,0.4,2.0,2.3,1.0,0.5,0.1,0.4,1.3,5.1
155,Allen Crabbe,SG,27,MIN,9,0,14.6,1.2,3.8,.324,0.7,2.9,.231,0.6,0.9,.625,.412,0.1,0.2,.500,0.1,1.2,1.3,0.6,0.0,0.0,0.6,1.2,3.2
156,Torrey Craig,SF,29,DEN,55,24,18.4,2.1,4.5,.470,0.8,2.3,.328,1.3,2.2,.622,.555,0.4,0.6,.629,1.1,2.1,3.2,0.8,0.4,0.7,0.4,2.4,5.4
157,Jamal Crawford,SG,39,BRK,1,0,6.0,2.0,4.0,.500,1.0,2.0,.500,1.0,2.0,.500,.625,0.0,0.0,,0.0,0.0,0.0,3.0,0.0,0.0,0.0,1.0,5.0
158,Jae Crowder,SF,29,TOT,63,51,29.2,3.5,8.7,.399,2.1,6.1,.339,1.4,2.7,.539,.517,1.5,2.0,.776,0.8,5.2,6.0,2.5,1.1,0.4,1.0,2.3,10.6
159,Jae Crowder,SF,29,MEM,45,45,29.4,3.3,8.9,.368,1.7,5.9,.293,1.5,3.0,.519,.466,1.7,2.1,.789,0.9,5.3,6.2,2.8,1.0,0.3,1.2,1.9,9.9
160,Jae Crowder,SF,29,MIA,18,6,28.7,4.1,8.4,.480,2.9,6.6,.441,1.2,1.9,.618,.651,1.2,1.7,.733,0.6,4.9,5.5,1.8,1.3,0.5,0.7,3.2,12.2
161,Jarrett Culver,SG,20,MIN,63,35,23.9,3.7,9.0,.404,1.0,3.5,.299,2.6,5.5,.471,.462,0.9,1.9,.462,1.1,2.3,3.4,1.7,0.9,0.6,1.3,2.0,9.2
162,Seth Curry,SG,29,DAL,62,23,24.6,4.4,8.9,.493,2.2,5.0,.446,2.2,3.9,.554,.618,1.3,1.5,.821,0.4,1.9,2.3,2.0,0.6,0.1,1.0,1.8,12.3
163,Stephen Curry,PG,31,GSW,5,5,27.8,6.6,16.4,.402,2.4,9.8,.245,4.2,6.6,.636,.476,5.2,5.2,1.000,0.8,4.4,5.2,6.6,1.0,0.4,3.2,2.2,20.8
164,,,,,,,,,,,,,,,,,,,,,,,,,,,,,
165,Troy Daniels,SG,28,TOT,45,0,11.1,1.5,3.8,.387,1.0,2.7,.352,0.5,1.1,.471,.512,0.2,0.4,.625,0.3,0.8,1.1,0.3,0.2,0.1,0.2,0.8,4.2
166,Troy Daniels,SG,28,LAL,41,0,11.1,1.5,3.9,.392,1.0,2.7,.357,0.5,1.1,.478,.519,0.2,0.4,.625,0.3,0.8,1.1,0.3,0.2,0.1,0.2,0.7,4.2
167,Troy Daniels,SG,28,DEN,4,0,11.3,1.3,3.8,.333,0.8,2.5,.300,0.5,1.3,.400,.433,0.0,0.0,,0.0,0.8,0.8,0.3,0.5,0.0,0.0,1.0,3.3
168,Anthony Davis,PF,26,LAL,61,61,34.3,8.9,17.7,.501,1.2,3.6,.332,7.7,14.2,.544,.535,7.1,8.4,.848,2.3,7.1,9.4,3.2,1.4,2.3,2.5,2.5,26.1
169,Ed Davis,C,30,UTA,26,1,10.8,0.5,1.4,.389,0.0,0.0,,0.5,1.4,.389,.389,0.2,0.4,.455,1.1,2.6,3.7,0.4,0.4,0.3,0.5,2.2,1.3
170,Terence Davis,SG,22,TOR,69,2,16.6,2.7,5.9,.462,1.3,3.3,.396,1.4,2.6,.548,.574,0.7,0.8,.855,0.7,2.6,3.3,1.6,0.5,0.2,1.0,1.6,7.4
171,Dewayne Dedmon,C,30,TOT,44,18,17.6,2.3,5.8,.400,0.5,2.4,.206,1.8,3.4,.541,.443,0.7,0.8,.833,1.4,4.3,5.7,0.5,0.6,0.9,1.3,3.0,5.8
172,Dewayne Dedmon,C,30,SAC,34,10,15.9,2.0,5.0,.404,0.4,2.1,.197,1.6,2.9,.550,.444,0.7,0.8,.821,1.4,3.6,4.9,0.4,0.4,0.8,1.4,2.7,5.1
173,Dewayne Dedmon,C,30,ATL,10,8,23.3,3.3,8.4,.393,0.8,3.6,.222,2.5,4.8,.521,.440,0.7,0.8,.875,1.4,6.8,8.2,0.7,1.0,1.5,1.0,4.0,8.1
174,Matthew Dellavedova,PG,29,CLE,57,4,14.4,1.1,3.1,.354,0.4,1.6,.231,0.7,1.5,.488,.414,0.6,0.6,.865,0.3,1.0,1.3,3.2,0.4,0.0,1.0,1.4,3.1
175,DeMar DeRozan,SF,30,SAS,67,67,34.1,8.2,15.5,.529,0.1,0.5,.257,8.0,14.9,.538,.533,5.6,6.6,.845,0.7,4.9,5.5,5.6,1.0,0.3,2.4,2.7,22.1
176,Cheick Diallo,C,23,PHO,45,2,10.4,2.0,3.0,.650,0.0,0.0,.500,2.0,3.0,.652,.653,0.7,0.8,.865,0.6,2.2,2.8,0.5,0.2,0.3,0.7,1.2,4.7
177,Hamidou Diallo,SF,21,OKC,43,3,18.8,2.7,5.9,.452,0.3,1.0,.250,2.4,4.8,.495,.474,0.7,1.2,.615,0.9,2.7,3.6,0.8,0.8,0.2,1.0,2.1,6.3
178,Gorgui Dieng,C,30,TOT,61,17,17.3,2.7,5.8,.462,0.9,2.4,.358,1.8,3.4,.536,.537,1.1,1.4,.750,1.5,4.2,5.7,1.2,0.8,1.0,1.0,2.0,7.3
179,Gorgui Dieng,C,30,MIN,46,17,16.9,2.7,6.0,.448,1.0,2.6,.383,1.7,3.4,.497,.531,1.0,1.3,.797,1.6,4.0,5.6,1.3,0.8,0.9,1.0,1.9,7.4
180,Gorgui Dieng,C,30,MEM,15,0,18.7,2.7,5.2,.513,0.5,1.9,.250,2.2,3.3,.660,.558,1.3,1.9,.655,1.1,4.9,5.9,0.9,0.7,1.1,1.0,2.0,7.1
181,Spencer Dinwiddie,SG,26,BRK,64,49,31.2,6.6,16.0,.415,1.9,6.3,.308,4.7,9.7,.485,.476,5.4,7.0,.778,0.5,3.0,3.5,6.8,0.6,0.3,2.7,2.8,20.6
182,Donte DiVincenzo,SG,23,MIL,64,24,23.0,3.5,7.6,.457,1.3,3.7,.335,2.2,3.9,.574,.539,1.0,1.3,.744,1.0,3.8,4.8,2.3,1.3,0.3,1.3,1.7,9.2
183,Luka Dončić,PG,20,DAL,59,59,33.9,9.6,20.8,.463,2.8,9.0,.316,6.8,11.8,.575,.531,7.0,9.3,.755,1.3,8.2,9.5,8.9,1.0,0.2,4.3,2.5,29.1
184,Luguentz Dort,SG,20,OKC,34,26,23.3,2.5,6.1,.402,0.9,2.8,.302,1.6,3.3,.487,.471,1.1,1.4,.771,0.6,1.6,2.2,0.8,0.9,0.1,0.6,2.7,6.9
185,Damyean Dotson,SG,25,NYK,48,0,17.4,2.5,6.0,.414,1.2,3.4,.362,1.3,2.6,.480,.516,0.5,0.7,.667,0.2,1.7,1.9,1.2,0.5,0.1,0.4,0.9,6.7
186,Sekou Doumbouya,SF,19,DET,38,19,19.8,2.4,6.2,.390,0.7,2.6,.286,1.7,3.6,.464,.449,0.8,1.2,.674,0.5,2.6,3.1,0.5,0.5,0.2,0.9,2.1,6.4
187,PJ Dozier,PG,23,DEN,26,0,12.8,2.0,5.0,.389,0.4,1.5,.250,1.6,3.5,.451,.427,0.5,0.7,.632,0.3,1.3,1.7,1.8,0.4,0.2,0.9,1.6,4.8
188,Goran Dragić,PG,33,MIA,57,1,28.3,5.4,12.2,.441,2.1,5.8,.372,3.2,6.5,.503,.529,3.3,4.3,.782,0.5,2.6,3.1,5.0,0.6,0.2,2.5,2.0,16.2
189,Andre Drummond,C,26,TOT,57,56,33.0,7.3,13.8,.533,0.1,0.6,.143,7.2,13.1,.551,.536,3.0,5.2,.575,4.4,10.8,15.2,2.7,1.9,1.6,3.6,3.5,17.7
190,Andre Drummond,C,26,DET,49,48,33.8,7.3,13.9,.530,0.0,0.4,.048,7.3,13.4,.546,.531,3.0,5.2,.584,4.6,11.2,15.8,2.8,2.0,1.7,3.6,3.6,17.8
191,Andre Drummond,C,26,CLE,8,8,28.1,7.3,13.1,.552,0.5,1.8,.286,6.8,11.4,.593,.571,2.5,4.9,.513,3.0,8.1,11.1,1.8,1.5,1.4,3.6,3.1,17.5
192,Jared Dudley,SF,34,LAL,44,1,7.8,0.5,1.3,.386,0.4,0.9,.410,0.1,0.4,.333,.526,0.0,0.0,1.000,0.1,1.0,1.1,0.5,0.3,0.1,0.2,0.9,1.4
193,,,,,,,,,,,,,,,,,,,,,,,,,,,,,
194,Kris Dunn,PG,25,CHI,51,32,24.9,3.0,6.7,.444,0.6,2.2,.259,2.4,4.5,.535,.487,0.8,1.1,.741,0.5,3.2,3.6,3.4,2.0,0.3,1.3,3.1,7.3
195,Carsen Edwards,SG,21,BOS,36,0,9.1,1.1,3.3,.333,0.6,2.0,.324,0.4,1.3,.348,.432,0.3,0.4,.750,0.2,1.0,1.2,0.7,0.3,0.1,0.4,0.9,3.1
196,Henry Ellenson,PF,23,BRK,5,0,3.0,0.2,1.4,.143,0.0,0.8,.000,0.2,0.6,.333,.143,0.0,0.0,,0.4,0.8,1.2,0.2,0.0,0.0,0.0,0.2,0.4
197,Wayne Ellington,SG,32,NYK,36,1,15.5,1.7,4.8,.351,1.4,4.0,.350,0.3,0.9,.355,.494,0.3,0.4,.846,0.1,1.7,1.8,1.2,0.4,0.1,0.5,1.1,5.1
198,Joel Embiid,C,25,PHI,49,49,30.0,7.7,16.0,.478,1.2,3.5,.331,6.5,12.5,.519,.514,7.1,8.7,.808,2.8,9.0,11.8,3.1,0.9,1.3,3.0,3.4,23.5
199,James Ennis,SF,29,TOT,67,16,18.1,2.3,5.1,.439,0.8,2.4,.313,1.5,2.7,.552,.513,1.1,1.3,.811,1.0,2.5,3.5,0.9,0.5,0.3,0.8,1.9,6.4
200,James Ennis,SF,29,PHI,49,0,15.8,2.0,4.6,.442,0.8,2.2,.349,1.3,2.4,.525,.524,1.0,1.2,.787,1.0,2.1,3.1,0.8,0.5,0.3,0.6,1.7,5.8
201,James Ennis,SF,29,ORL,18,16,24.2,2.8,6.6,.432,0.8,3.2,.246,2.1,3.4,.607,.492,1.4,1.6,.862,1.2,3.6,4.8,1.2,0.5,0.4,1.2,2.4,7.8
202,Drew Eubanks,PF,22,SAS,20,3,11.5,2.1,2.9,.719,0.1,0.1,1.000,2.0,2.8,.714,.728,0.6,0.8,.750,1.2,2.4,3.6,0.6,0.3,0.6,0.9,1.8,4.8
203,Jacob Evans,SG,22,TOT,29,1,14.4,1.6,4.6,.336,0.4,1.3,.333,1.1,3.3,.337,.384,0.9,1.0,.862,0.3,1.1,1.4,1.1,0.4,0.4,0.9,1.4,4.4
204,Jacob Evans,SG,22,GSW,27,1,15.3,1.7,4.9,.338,0.5,1.4,.342,1.2,3.5,.337,.387,0.9,1.1,.862,0.3,1.2,1.5,1.1,0.4,0.4,0.9,1.5,4.7
205,Jacob Evans,SG,22,MIN,2,0,2.0,0.0,0.5,.000,0.0,0.5,.000,0.0,0.0,,.000,0.0,0.0,,0.0,0.0,0.0,0.0,0.0,0.0,0.0,0.0,0.0
206,Dante Exum,SG,24,TOT,35,1,13.9,1.6,3.4,.471,0.4,1.2,.349,1.2,2.2,.539,.534,0.9,1.2,.744,0.3,1.6,1.9,1.1,0.4,0.2,0.9,1.1,4.5
207,Dante Exum,SG,24,UTA,11,0,7.5,0.9,2.1,.435,0.2,0.5,.333,0.7,1.5,.471,.478,0.2,0.2,1.000,0.3,0.8,1.1,0.6,0.1,0.2,0.9,0.7,2.2
208,Dante Exum,SG,24,CLE,24,1,16.8,1.9,4.0,.479,0.5,1.5,.351,1.4,2.5,.559,.547,1.3,1.7,.732,0.4,1.9,2.3,1.4,0.5,0.3,0.9,1.3,5.6
209,Tacko Fall,C,24,BOS,6,0,4.0,1.5,2.0,.750,0.0,0.0,,1.5,2.0,.750,.750,0.2,0.5,.333,0.0,1.8,1.8,0.0,0.0,0.3,0.5,0.8,3.2
210,Derrick Favors,C,28,NOP,51,49,24.4,4.1,6.6,.617,0.0,0.1,.143,4.1,6.5,.627,.618,0.8,1.4,.563,3.2,6.6,9.8,1.6,0.6,0.9,1.1,2.1,9.0
211,Cristiano Felício,PF,27,CHI,22,0,17.5,1.5,2.5,.630,0.0,0.1,.000,1.5,2.4,.654,.630,0.8,1.0,.783,2.5,2.1,4.6,0.7,0.5,0.1,0.8,1.5,3.9
212,Terrance Ferguson,SF,21,OKC,53,37,22.6,1.4,3.9,.365,0.9,3.0,.298,0.5,0.9,.596,.481,0.3,0.4,.789,0.4,0.9,1.4,0.8,0.5,0.3,0.6,2.8,4.1
213,Bruno Fernando,C,21,ATL,56,13,12.7,1.8,3.6,.518,0.1,0.7,.135,1.8,2.9,.605,.530,0.5,0.9,.569,1.2,2.3,3.5,0.9,0.3,0.3,0.8,1.9,4.3
214,Yogi Ferrell,PG,26,SAC,48,0,10.4,1.5,3.7,.409,0.5,1.5,.297,1.0,2.1,.490,.472,0.7,0.8,.875,0.1,0.9,1.0,1.4,0.3,0.1,0.5,0.7,4.2
215,Dorian Finney-Smith,PF,26,DAL,69,66,30.1,3.4,7.4,.462,1.6,4.3,.374,1.8,3.1,.583,.570,1.1,1.6,.722,2.1,3.7,5.8,1.6,0.7,0.6,1.0,2.5,9.6
216,Bryn Forbes,SG,26,SAS,63,62,25.1,3.8,9.2,.417,2.3,6.0,.388,1.5,3.2,.470,.544,1.2,1.4,.833,0.2,1.8,2.0,1.7,0.5,0.0,0.9,1.8,11.2
217,Evan Fournier,SG,27,ORL,66,66,31.5,6.6,14.1,.467,2.6,6.6,.399,4.0,7.5,.527,.560,2.7,3.3,.818,0.3,2.3,2.6,3.2,1.1,0.2,1.9,2.4,18.5
218,De'Aaron Fox,PG,22,SAC,51,49,32.0,7.7,16.0,.480,1.1,3.6,.292,6.6,12.4,.535,.513,4.7,6.7,.705,0.7,3.2,3.8,6.8,1.5,0.5,3.1,2.8,21.1
219,Melvin Frazier,SG,23,ORL,17,0,4.4,0.5,1.3,.409,0.4,0.6,.545,0.2,0.6,.273,.545,0.1,0.2,.500,0.1,0.3,0.4,0.1,0.4,0.1,0.2,0.6,1.5
220,,,,,,,,,,,,,,,,,,,,,,,,,,,,,
221,Michael Frazier,SG,25,HOU,10,0,9.6,0.5,1.7,.294,0.3,1.3,.231,0.2,0.4,.500,.382,0.6,1.0,.600,0.1,0.4,0.5,0.2,0.2,0.0,0.2,2.0,1.9
222,Tim Frazier,PG,29,DET,27,11,13.1,1.3,3.5,.362,0.4,1.1,.333,0.9,2.4,.375,.415,0.7,0.9,.792,0.3,0.9,1.2,3.4,0.5,0.1,1.3,1.6,3.6
223,Markelle Fultz,PG,21,ORL,70,59,27.8,5.0,10.6,.468,0.5,1.9,.269,4.5,8.7,.510,.491,1.6,2.2,.727,0.5,2.8,3.3,5.2,1.2,0.2,2.1,2.0,12.0
224,Wenyen Gabriel,PF,22,TOT,30,1,7.8,0.7,1.6,.438,0.2,0.7,.300,0.5,0.9,.536,.500,0.5,0.7,.682,0.7,1.0,1.7,0.3,0.4,0.2,0.5,1.3,2.1
225,Wenyen Gabriel,PF,22,SAC,11,0,5.5,0.5,1.5,.353,0.1,0.7,.125,0.5,0.8,.556,.382,0.5,0.9,.600,0.4,0.5,0.9,0.3,0.3,0.2,0.5,0.6,1.7
226,Wenyen Gabriel,PF,22,POR,19,1,9.2,0.8,1.6,.484,0.3,0.6,.417,0.5,1.0,.526,.565,0.5,0.6,.750,0.9,1.3,2.2,0.3,0.4,0.3,0.6,1.7,2.3
227,Daniel Gafford,C,21,CHI,43,7,14.2,2.2,3.1,.701,0.0,0.0,,2.2,3.1,.701,.701,0.7,1.4,.533,1.2,1.3,2.5,0.5,0.3,1.3,0.7,2.3,5.1
228,Danilo Gallinari,PF,31,OKC,60,60,30.1,5.9,13.4,.443,3.0,7.2,.412,3.0,6.2,.478,.553,4.2,4.8,.888,0.6,4.8,5.3,2.0,0.7,0.1,1.3,1.2,19.1
229,Langston Galloway,SG,28,DET,66,6,25.8,3.6,8.2,.435,2.0,5.0,.399,1.6,3.2,.493,.557,1.1,1.3,.859,0.5,1.8,2.3,1.5,0.7,0.2,0.6,1.5,10.3
230,Darius Garland,PG,20,CLE,59,59,30.9,4.7,11.8,.401,1.8,5.0,.355,3.0,6.8,.434,.476,1.1,1.2,.875,0.5,1.4,1.9,3.9,0.7,0.1,2.6,1.6,12.3
231,Marc Gasol,C,35,TOR,41,40,27.0,2.8,6.4,.433,1.3,3.4,.396,1.4,3.0,.476,.538,0.9,1.2,.729,0.8,5.6,6.4,3.2,0.8,0.9,1.3,2.9,7.8
232,Rudy Gay,PF,33,SAS,66,5,21.8,4.0,8.9,.446,1.1,3.2,.332,2.9,5.6,.512,.507,1.8,2.1,.882,0.9,4.5,5.4,1.7,0.5,0.5,1.3,1.5,10.8
233,Paul George,SF,29,LAC,47,47,29.4,7.1,16.2,.438,3.3,7.9,.411,3.9,8.3,.464,.539,3.9,4.5,.881,0.5,5.2,5.7,3.9,1.4,0.4,2.6,2.4,21.4
234,Taj Gibson,C,34,NYK,62,56,16.5,2.7,4.6,.584,0.1,0.2,.286,2.6,4.4,.599,.591,0.7,0.9,.732,1.8,2.5,4.3,0.8,0.4,0.5,0.8,2.0,6.1
235,Harry Giles,PF,21,SAC,44,17,14.5,3.0,5.3,.567,0.0,0.0,.000,3.0,5.2,.570,.567,0.9,1.1,.776,0.9,3.1,4.0,1.3,0.5,0.4,0.9,2.6,6.8
236,Shai Gilgeous-Alexander,SG,21,OKC,68,68,35.1,6.9,14.6,.468,1.3,3.6,.344,5.6,11.0,.509,.511,4.2,5.2,.804,0.7,5.3,6.0,3.4,1.1,0.7,1.9,1.7,19.1
237,Rudy Gobert,C,27,UTA,67,67,34.6,5.7,8.2,.694,0.0,0.0,,5.7,8.2,.694,.694,3.7,6.0,.629,3.4,10.2,13.6,1.5,0.8,2.0,1.9,3.2,15.2
238,Brandon Goodwin,PG,24,ATL,34,1,12.6,2.2,5.6,.400,0.8,2.6,.299,1.5,3.0,.485,.468,0.8,0.9,.933,0.3,1.8,2.1,1.5,0.4,0.1,0.9,1.3,6.1
239,Aaron Gordon,PF,24,ORL,62,62,32.5,5.4,12.4,.437,1.2,3.8,.308,4.2,8.5,.494,.484,2.4,3.6,.674,1.7,5.9,7.7,3.7,0.8,0.6,1.6,2.0,14.4
240,Eric Gordon,SG,31,HOU,34,13,28.6,4.8,12.9,.370,2.7,8.5,.319,2.1,4.4,.467,.475,2.3,3.0,.757,0.2,1.7,1.9,1.5,0.6,0.4,1.1,2.0,14.5
241,Devonte' Graham,PG,24,CHO,63,53,35.1,5.8,15.3,.382,3.5,9.3,.373,2.4,6.0,.397,.495,3.0,3.7,.820,0.7,2.7,3.4,7.5,1.0,0.2,2.9,1.8,18.2
242,Treveon Graham,SG,26,TOT,55,20,16.9,1.6,4.4,.360,0.6,2.2,.275,1.0,2.2,.443,.428,0.7,1.0,.643,0.9,1.8,2.7,0.8,0.4,0.1,0.5,1.9,4.4
243,Treveon Graham,SG,26,MIN,33,20,20.1,1.9,5.3,.354,0.6,2.5,.241,1.3,2.8,.457,.411,0.8,1.1,.730,0.9,2.2,3.0,0.9,0.5,0.1,0.6,2.0,5.2
244,Treveon Graham,SG,26,ATL,22,0,12.1,1.1,3.0,.373,0.6,1.7,.351,0.5,1.4,.400,.470,0.4,0.9,.474,1.0,1.3,2.3,0.7,0.3,0.2,0.5,1.6,3.3
245,,,,,,,,,,,,,,,,,,,,,,,,,,,,,
246,Jerami Grant,PF,25,DEN,69,23,26.7,4.2,8.9,.477,1.4,3.5,.388,2.9,5.4,.535,.554,2.1,2.8,.750,0.8,2.7,3.5,1.2,0.7,0.8,0.9,2.2,11.9
247,Jerian Grant,PG,27,WAS,4,0,14.8,2.3,4.5,.500,0.5,1.8,.286,1.8,2.8,.636,.556,0.3,0.8,.333,0.3,0.3,0.5,1.8,0.3,0.3,0.8,2.5,5.3
248,Josh Gray,PG,26,NOP,2,0,11.5,0.5,1.0,.500,0.0,0.0,,0.5,1.0,.500,.500,0.0,0.0,,0.5,0.5,1.0,1.0,0.0,0.0,2.5,0.5,1.0
249,Danny Green,SG,32,LAL,66,66,24.9,2.9,7.0,.417,1.8,4.8,.367,1.1,2.1,.532,.545,0.5,0.7,.688,0.7,2.6,3.3,1.3,1.3,0.5,1.0,2.0,8.1
250,Draymond Green,PF,29,GSW,43,43,28.4,2.9,7.3,.389,0.8,3.0,.279,2.0,4.3,.465,.446,1.5,1.9,.759,0.5,5.7,6.2,6.2,1.4,0.8,2.3,2.6,8.0
251,JaMychal Green,PF,29,LAC,61,0,20.6,2.4,5.6,.428,1.4,3.8,.381,0.9,1.8,.528,.558,0.6,0.8,.750,1.3,4.9,6.2,0.8,0.4,0.4,0.8,2.7,6.8
252,Javonte Green,SF,26,BOS,46,1,9.4,1.2,2.3,.509,0.1,0.5,.250,1.1,1.8,.583,.537,0.5,0.8,.632,0.5,1.5,1.9,0.6,0.5,0.2,0.4,0.8,3.0
253,Jeff Green,PF,33,TOT,45,2,19.4,3.1,7.0,.447,1.4,3.8,.353,1.8,3.1,.564,.545,1.4,1.8,.780,0.5,2.3,2.8,1.0,0.6,0.4,0.9,1.8,9.0
254,Jeff Green,PF,33,UTA,30,2,18.4,2.5,6.5,.385,1.1,3.5,.327,1.4,3.0,.451,.472,1.6,2.1,.778,0.5,2.2,2.7,0.7,0.4,0.3,0.9,1.5,7.8
255,Jeff Green,PF,33,HOU,15,0,21.3,4.3,7.9,.551,1.8,4.6,.391,2.5,3.3,.776,.665,1.0,1.3,.789,0.6,2.4,3.0,1.5,0.9,0.5,0.9,2.3,11.5
256,Blake Griffin,PF,30,DET,18,18,28.4,4.9,13.9,.352,1.5,6.2,.243,3.4,7.7,.439,.406,4.2,5.4,.776,0.9,3.7,4.7,3.3,0.4,0.4,2.2,1.5,15.5
257,Marko Guduric,SG,24,MEM,43,0,11.2,1.4,3.6,.397,0.6,1.9,.305,0.9,1.7,.500,.478,0.6,0.6,.923,0.3,1.4,1.7,1.0,0.3,0.2,0.8,0.8,4.0
258,Kyle Guy,SG,22,SAC,2,0,2.0,0.5,1.0,.500,0.0,0.5,.000,0.5,0.5,1.000,.500,0.0,0.0,,0.0,0.0,0.0,0.0,0.0,0.0,0.0,0.0,1.0
259,Rui Hachimura,PF,21,WAS,47,47,30.1,5.3,11.2,.471,0.5,1.7,.282,4.8,9.6,.503,.491,2.4,2.9,.828,1.6,4.5,6.1,1.8,0.8,0.2,1.1,2.1,13.4
260,Devon Hall,SG,24,OKC,8,0,3.8,0.1,1.3,.100,0.0,0.5,.000,0.1,0.8,.167,.100,0.4,0.5,.750,0.1,0.3,0.4,0.6,0.0,0.0,0.1,0.3,0.6
261,Donta Hall,PF,22,TOT,8,0,12.9,1.3,1.9,.667,0.0,0.0,,1.3,1.9,.667,.667,1.1,2.3,.500,1.4,2.3,3.6,0.4,0.3,0.5,0.5,2.3,3.6
262,Donta Hall,PF,22,DET,4,0,12.0,0.3,1.0,.250,0.0,0.0,,0.3,1.0,.250,.250,1.0,1.5,.667,1.5,2.3,3.8,0.5,0.3,0.3,0.5,2.3,1.5
263,Donta Hall,PF,22,BRK,4,0,13.8,2.3,2.8,.818,0.0,0.0,,2.3,2.8,.818,.818,1.3,3.0,.417,1.3,2.3,3.5,0.3,0.3,0.8,0.5,2.3,5.8
264,Dusty Hannahs,SG,26,MEM,2,0,6.5,2.0,4.5,.444,1.0,1.5,.667,1.0,3.0,.333,.556,1.0,1.0,1.000,0.0,0.5,0.5,0.0,0.0,0.0,0.0,0.5,6.0
265,Tim Hardaway Jr.,SG,27,DAL,68,55,29.4,5.4,12.5,.429,2.9,7.3,.397,2.5,5.2,.475,.545,2.0,2.5,.808,0.4,2.9,3.3,1.9,0.6,0.1,1.0,1.8,15.6
266,James Harden,SG,30,HOU,66,66,36.7,9.8,22.4,.440,4.4,12.4,.351,5.5,10.0,.551,.538,10.2,11.8,.864,1.0,5.4,6.5,7.5,1.8,0.9,4.5,3.4,34.3
267,Maurice Harkless,SF,26,TOT,62,48,23.0,2.3,4.6,.502,0.5,1.6,.347,1.7,3.0,.584,.562,0.6,1.1,.591,0.9,3.0,3.9,1.1,0.9,0.5,0.9,2.4,5.8
268,Maurice Harkless,SF,26,LAC,50,38,22.8,2.2,4.3,.516,0.5,1.5,.370,1.7,2.9,.590,.578,0.5,0.8,.571,0.9,3.1,4.0,1.0,1.0,0.6,0.9,2.4,5.5
269,Maurice Harkless,SF,26,NYK,12,10,23.8,2.5,5.5,.455,0.6,2.1,.280,1.9,3.4,.561,.508,1.3,2.0,.625,0.7,2.7,3.3,1.7,0.8,0.3,0.6,2.3,6.8
270,Jared Harper,PG,22,PHO,3,0,2.7,0.3,1.3,.250,0.0,0.7,.000,0.3,0.7,.500,.250,0.0,0.0,,0.0,0.0,0.0,0.0,0.0,0.0,0.0,0.0,0.7
271,Montrezl Harrell,C,26,LAC,63,2,27.8,7.5,12.9,.580,0.0,0.3,.000,7.5,12.6,.593,.580,3.7,5.6,.658,2.6,4.5,7.1,1.7,0.6,1.1,1.7,2.3,18.6
272,,,,,,,,,,,,,,,,,,,,,,,,,,,,,
273,Gary Harris,SG,25,DEN,56,55,31.8,3.9,9.3,.420,1.3,3.8,.333,2.6,5.5,.479,.487,1.3,1.6,.815,0.5,2.4,2.9,2.1,1.4,0.3,1.1,2.1,10.4
274,Joe Harris,SF,28,BRK,68,68,30.7,5.5,11.3,.483,2.5,5.9,.425,3.0,5.4,.546,.594,0.9,1.3,.719,0.9,3.4,4.3,2.1,0.6,0.3,1.5,2.3,14.4
275,Tobias Harris,PF,27,PHI,70,70,34.6,7.7,16.4,.469,1.8,5.0,.366,5.9,11.4,.514,.524,2.4,2.9,.809,1.0,5.9,6.9,3.1,0.7,0.5,1.5,2.3,19.6
276,Shaquille Harrison,SF,26,CHI,43,10,11.3,1.8,3.8,.467,0.4,1.0,.381,1.4,2.9,.496,.515,0.9,1.2,.780,0.5,1.5,2.0,1.1,0.8,0.4,0.4,1.3,4.9
277,Josh Hart,SF,24,NOP,63,14,26.8,3.4,8.1,.425,1.9,5.4,.347,1.6,2.7,.582,.541,1.2,1.7,.743,1.0,5.4,6.4,1.6,1.0,0.3,1.1,2.5,10.0
278,Isaiah Hartenstein,C,21,HOU,23,2,11.6,1.9,2.9,.657,0.0,0.2,.000,1.9,2.7,.710,.657,0.8,1.2,.679,1.3,2.7,3.9,0.8,0.4,0.5,0.7,1.8,4.7
279,Udonis Haslem,PF,39,MIA,3,0,7.0,0.3,2.0,.167,0.0,0.7,.000,0.3,1.3,.250,.167,1.0,1.3,.750,0.0,2.7,2.7,0.3,0.0,0.0,0.0,1.0,1.7
280,Jaxson Hayes,C,19,NOP,62,12,16.5,2.7,4.0,.665,0.0,0.1,.250,2.6,3.9,.672,.667,1.9,3.0,.643,1.5,2.5,4.0,0.9,0.4,0.9,0.8,2.5,7.3
281,Gordon Hayward,SF,29,BOS,51,51,33.5,6.7,13.4,.501,1.6,4.2,.380,5.1,9.2,.556,.561,2.4,2.8,.860,1.1,5.7,6.7,4.1,0.7,0.4,1.9,1.8,17.5
282,John Henson,PF,29,TOT,40,8,15.0,2.4,4.3,.556,0.2,0.9,.222,2.2,3.4,.644,.579,0.6,1.2,.500,1.2,2.9,4.1,1.4,0.6,1.1,0.9,2.0,5.5
283,John Henson,PF,29,CLE,29,2,14.2,2.1,4.1,.508,0.2,1.1,.194,1.9,3.1,.618,.533,0.6,1.1,.515,1.1,2.8,3.9,1.5,0.6,1.1,0.7,1.9,5.0
284,John Henson,PF,29,DET,11,6,17.1,3.1,4.6,.667,0.2,0.5,.400,2.9,4.2,.696,.686,0.5,1.2,.462,1.3,3.1,4.4,1.0,0.7,0.9,1.4,2.1,6.9
285,Dewan Hernandez,C,23,TOR,4,0,2.8,0.3,1.3,.200,0.0,0.3,.000,0.3,1.0,.250,.200,0.5,0.5,1.000,0.5,1.3,1.8,0.0,0.3,0.0,0.3,1.5,1.0
286,Juan Hernangómez,PF,24,TOT,48,14,17.4,2.1,5.1,.405,0.9,2.7,.341,1.2,2.5,.475,.494,0.9,1.5,.620,0.9,3.2,4.1,0.8,0.4,0.2,0.7,1.3,6.0
287,Juan Hernangómez,PF,24,DEN,34,0,12.4,1.1,3.2,.345,0.4,1.8,.250,0.7,1.5,.460,.414,0.5,0.7,.640,0.7,2.1,2.8,0.6,0.1,0.1,0.5,0.9,3.1
288,Juan Hernangómez,PF,24,MIN,14,14,29.4,4.4,9.8,.453,2.1,4.9,.420,2.4,4.9,.485,.558,2.0,3.3,.609,1.4,5.9,7.3,1.3,1.0,0.3,1.0,2.5,12.9
289,Willy Hernangómez,C,25,CHO,31,0,12.1,2.4,4.5,.532,0.2,0.7,.227,2.2,3.8,.590,.550,1.2,1.9,.627,1.4,2.9,4.3,0.9,0.3,0.2,1.0,1.0,6.1
290,Tyler Herro,SG,20,MIA,52,7,27.3,4.8,11.3,.422,2.1,5.3,.385,2.7,6.0,.455,.513,1.5,1.7,.856,0.3,3.8,4.1,2.2,0.6,0.1,1.6,1.3,13.1
291,Kevin Hervey,PF,23,OKC,8,0,3.6,0.3,1.9,.133,0.0,1.4,.000,0.3,0.5,.500,.133,0.0,0.0,,0.0,0.5,0.5,0.1,0.1,0.0,0.0,0.3,0.5
292,Mario Hezonja,PF,24,POR,51,4,16.4,1.8,4.1,.433,0.5,1.4,.329,1.3,2.6,.489,.490,0.9,1.1,.825,0.6,2.9,3.5,0.9,0.7,0.2,0.8,2.0,4.9
293,Buddy Hield,SG,27,SAC,70,44,31.0,6.9,16.3,.425,3.7,9.6,.388,3.2,6.7,.477,.539,1.6,1.9,.846,0.8,3.8,4.6,3.0,0.9,0.2,2.3,2.3,19.2
294,George Hill,PG,33,MIL,57,1,21.6,3.3,6.3,.524,1.3,2.9,.463,1.9,3.4,.575,.630,1.5,1.8,.842,0.8,2.2,3.0,3.0,0.8,0.1,1.0,1.4,9.4
295,Solomon Hill,SF,28,TOT,57,4,17.9,1.8,4.5,.396,1.1,2.8,.373,0.7,1.6,.436,.514,0.5,0.7,.714,0.5,2.2,2.7,1.8,0.7,0.2,0.8,1.4,5.1
296,Solomon Hill,SF,28,MEM,48,3,18.8,2.0,4.9,.412,1.2,3.1,.381,0.8,1.8,.465,.532,0.5,0.8,.684,0.5,2.5,3.0,2.0,0.6,0.1,0.8,1.5,5.7
297,Solomon Hill,SF,28,MIA,9,1,13.6,0.6,2.4,.227,0.4,1.6,.286,0.1,0.9,.125,.318,0.4,0.4,1.000,0.3,0.9,1.2,0.7,1.0,0.6,0.8,1.0,2.0
298,Jaylen Hoard,SF,20,POR,13,0,7.9,1.2,2.5,.469,0.0,0.2,.000,1.2,2.2,.517,.469,0.6,1.0,.615,1.1,1.4,2.5,0.3,0.4,0.0,0.3,0.9,2.9
299,,,,,,,,,,,,,,,,,,,,,,,,,,,,,
300,Aaron Holiday,PG,23,IND,63,31,24.5,3.6,8.5,.417,1.3,3.4,.397,2.2,5.1,.430,.496,1.2,1.3,.859,0.3,2.1,2.4,3.5,0.8,0.2,1.3,1.8,9.6
301,Jrue Holiday,SG,29,NOP,61,61,34.7,7.5,16.5,.455,2.0,5.7,.353,5.5,10.8,.509,.516,2.1,3.0,.709,1.3,3.5,4.8,6.7,1.6,0.8,3.0,2.4,19.1
302,Justin Holiday,SG,30,IND,70,4,25.1,2.8,6.6,.425,1.8,4.4,.405,1.0,2.2,.467,.562,0.7,0.9,.770,0.4,2.7,3.2,1.3,1.2,0.6,0.6,1.9,8.1
303,Rondae Hollis-Jefferson,SF,25,TOR,57,5,18.4,2.6,5.4,.474,0.0,0.3,.118,2.5,5.1,.495,.477,1.7,2.4,.739,1.9,2.8,4.7,1.6,0.8,0.4,0.9,1.9,6.9
304,Richaun Holmes,C,26,SAC,44,38,28.2,5.1,7.8,.648,0.0,0.0,,5.1,7.8,.648,.648,2.1,2.7,.788,2.9,5.3,8.1,1.0,0.9,1.3,1.2,3.8,12.3
305,Rodney Hood,SF,27,POR,21,21,29.5,4.1,8.2,.506,1.7,3.4,.493,2.5,4.8,.515,.608,1.0,1.3,.778,0.5,3.0,3.4,1.5,0.8,0.2,0.9,2.2,11.0
306,Al Horford,C,33,PHI,65,59,30.5,4.8,10.7,.448,1.5,4.2,.345,3.3,6.5,.515,.517,0.9,1.2,.769,1.6,5.3,6.9,4.0,0.8,0.9,1.2,2.1,12.0
307,Talen Horton-Tucker,SG,19,LAL,4,0,10.3,2.0,3.5,.571,0.5,1.8,.286,1.5,1.8,.857,.643,0.5,1.0,.500,0.3,0.5,0.8,0.8,1.3,0.3,1.0,1.0,5.0
308,Danuel House,SF,26,HOU,63,52,30.4,3.7,8.6,.427,2.0,5.6,.363,1.6,2.9,.549,.546,1.2,1.4,.811,0.9,3.3,4.2,1.3,1.1,0.5,0.9,2.1,10.5
309,Dwight Howard,C,34,LAL,67,2,19.1,3.0,4.1,.732,0.0,0.1,.600,2.9,4.0,.734,.737,1.5,3.0,.502,2.5,4.9,7.4,0.7,0.5,1.2,1.2,3.2,7.5
310,William Howard,SG,26,HOU,2,0,6.5,0.0,2.0,.000,0.0,2.0,.000,0.0,0.0,,.000,0.0,0.0,,0.0,1.0,1.0,0.5,0.0,0.0,0.5,0.5,0.0
311,Kevin Huerter,SG,21,ATL,56,48,31.4,4.5,10.9,.413,2.3,6.0,.380,2.2,4.9,.453,.517,0.9,1.1,.828,0.6,3.4,4.1,3.8,0.9,0.5,1.6,2.5,12.2
312,De'Andre Hunter,SF,22,ATL,63,62,32.0,4.4,10.8,.410,1.7,4.8,.355,2.7,6.0,.454,.489,1.7,2.3,.764,0.7,3.8,4.5,1.8,0.7,0.3,1.6,2.9,12.3
313,Chandler Hutchison,SF,23,CHI,28,10,18.8,2.9,6.3,.457,0.4,1.4,.316,2.4,4.9,.496,.491,1.6,2.8,.590,0.6,3.2,3.9,0.9,1.0,0.3,1.0,1.7,7.8
314,Serge Ibaka,C,30,TOR,55,27,27.0,6.2,12.2,.512,1.3,3.3,.385,5.0,8.9,.559,.564,1.6,2.3,.718,2.1,6.1,8.2,1.4,0.5,0.8,2.0,2.8,15.4
315,Andre Iguodala,SG,36,MIA,19,0,20.2,2.0,4.2,.475,0.7,2.2,.333,1.3,2.0,.632,.563,0.3,0.8,.400,0.9,3.1,3.9,2.6,0.6,0.9,1.3,1.8,5.1
316,Ersan İlyasova,PF,32,MIL,61,8,15.5,2.3,4.9,.477,0.8,2.1,.380,1.5,2.8,.550,.558,1.1,1.3,.827,1.0,3.8,4.8,0.8,0.4,0.3,0.6,1.5,6.6
317,Joe Ingles,SF,32,UTA,70,43,30.2,3.5,7.7,.446,2.0,4.9,.403,1.5,2.8,.523,.575,1.1,1.3,.787,0.4,3.5,3.9,5.2,0.9,0.1,2.0,2.2,10.0
318,Brandon Ingram,PF,22,NOP,62,62,33.9,8.2,17.7,.463,2.4,6.2,.391,5.8,11.5,.501,.531,5.0,5.9,.851,0.8,5.3,6.1,4.2,1.0,0.6,3.0,2.9,23.8
319,Kyrie Irving,PG,27,BRK,20,20,32.9,10.0,20.8,.478,2.8,7.1,.394,7.2,13.7,.522,.546,4.7,5.1,.922,1.1,4.1,5.2,6.4,1.4,0.5,2.6,2.7,27.4
320,,,,,,,,,,,,,,,,,,,,,,,,,,,,,
321,Jonathan Isaac,SF,22,ORL,34,32,28.8,4.6,9.8,.470,0.9,2.8,.340,3.6,7.0,.521,.518,1.8,2.3,.779,1.7,5.1,6.8,1.4,1.6,2.3,1.4,2.4,11.9
322,Wesley Iwundu,SF,25,ORL,50,19,17.9,1.8,4.3,.406,0.5,1.5,.312,1.3,2.8,.457,.461,1.3,1.6,.817,0.5,2.0,2.4,1.0,0.5,0.3,0.4,1.5,5.3
323,Frank Jackson,PG,21,NOP,57,1,12.9,2.0,5.2,.385,0.8,2.3,.323,1.2,2.9,.436,.458,0.9,1.2,.750,0.4,1.0,1.4,0.9,0.3,0.1,0.8,1.3,5.6
324,Jaren Jackson Jr.,C,20,MEM,57,57,28.5,6.2,13.2,.469,2.5,6.5,.394,3.6,6.8,.540,.565,2.4,3.3,.747,1.0,3.6,4.6,1.4,0.7,1.6,1.7,4.1,17.4
325,Josh Jackson,SG,22,MEM,21,0,18.0,3.3,7.6,.440,1.1,3.4,.319,2.2,4.1,.540,.513,1.6,2.3,.688,0.5,2.6,3.1,1.6,0.9,0.4,1.3,1.9,9.3
326,Justin Jackson,PF,24,DAL,62,2,15.9,2.1,5.2,.398,0.8,2.5,.297,1.3,2.7,.494,.471,0.6,0.7,.826,0.4,2.0,2.4,0.8,0.2,0.2,0.2,1.0,5.5
327,Reggie Jackson,PG,29,TOT,29,14,24.1,4.4,10.7,.413,1.9,4.7,.400,2.6,6.0,.423,.500,1.5,1.8,.827,0.6,2.4,3.0,4.1,0.4,0.2,1.7,1.8,12.2
328,Reggie Jackson,PG,29,DET,14,10,27.2,5.4,14.1,.384,2.2,5.9,.378,3.2,8.3,.388,.462,1.9,2.4,.788,0.8,2.1,2.9,5.1,0.6,0.1,1.6,1.5,14.9
329,Reggie Jackson,PG,29,LAC,15,4,21.1,3.5,7.5,.464,1.5,3.5,.434,1.9,3.9,.492,.567,1.1,1.3,.895,0.4,2.7,3.1,3.1,0.3,0.3,1.7,2.1,9.6
330,Justin James,SG,23,SAC,35,0,6.4,0.9,2.3,.413,0.3,0.8,.321,0.7,1.5,.462,.469,0.3,0.6,.476,0.2,0.7,0.9,0.5,0.2,0.3,0.2,0.5,2.4
331,LeBron James,PG,35,LAL,65,65,34.8,9.7,19.5,.495,2.2,6.3,.345,7.5,13.2,.566,.550,3.9,5.7,.693,1.0,7.0,8.0,10.3,1.2,0.5,3.9,1.8,25.4
332,Amile Jefferson,PF,26,ORL,18,0,4.1,0.3,0.8,.357,0.0,0.0,,0.3,0.8,.357,.357,0.3,0.8,.357,0.6,0.7,1.3,0.2,0.1,0.2,0.2,0.4,0.8
333,DaQuan Jeffries,SG,22,SAC,11,0,9.3,1.5,2.5,.571,0.4,1.3,.286,1.1,1.3,.857,.643,0.4,0.4,1.000,0.2,1.0,1.2,0.6,0.3,0.1,0.1,1.1,3.6
334,Ty Jerome,PG,22,PHO,29,0,10.9,1.3,3.7,.346,0.4,1.7,.271,0.8,2.0,.407,.407,0.4,0.5,.786,0.2,1.2,1.4,1.5,0.5,0.1,0.6,1.0,3.4
335,Alize Johnson,SF,23,IND,14,0,4.0,0.5,1.1,.467,0.0,0.0,,0.5,1.1,.467,.467,0.3,0.4,.667,0.5,0.9,1.4,0.1,0.0,0.0,0.2,0.5,1.3
336,B.J. Johnson,SF,24,ORL,8,0,5.8,0.6,2.3,.278,0.1,0.8,.167,0.5,1.5,.333,.306,0.3,0.3,1.000,0.1,0.6,0.8,0.3,0.3,0.0,0.4,0.0,1.6
337,Cameron Johnson,PF,23,PHO,54,6,21.5,3.0,6.9,.429,1.9,4.7,.395,1.1,2.2,.504,.564,0.8,1.0,.800,0.9,2.4,3.3,1.2,0.6,0.3,0.6,1.6,8.6
338,James Johnson,PF,32,TOT,32,1,19.3,3.2,6.7,.479,1.0,2.8,.363,2.2,3.9,.565,.556,1.0,1.5,.646,0.8,2.9,3.7,2.3,0.8,1.0,1.5,2.5,8.4
339,James Johnson,PF,32,MIA,18,0,15.6,2.2,4.8,.448,0.9,2.5,.356,1.3,2.3,.548,.540,0.4,0.8,.571,0.4,2.4,2.9,1.2,0.3,0.7,0.8,1.9,5.7
340,James Johnson,PF,32,MIN,14,1,24.1,4.6,9.1,.500,1.2,3.3,.370,3.4,5.9,.573,.566,1.6,2.4,.676,1.2,3.5,4.7,3.8,1.4,1.4,2.4,3.3,12.0
341,Keldon Johnson,SF,20,SAS,15,0,16.3,2.5,4.3,.569,0.6,1.1,.563,1.9,3.3,.571,.638,1.5,2.1,.742,0.6,2.3,2.9,0.8,0.9,0.1,0.5,1.5,7.1
342,Stanley Johnson,PF,23,TOR,22,0,4.6,0.5,1.6,.314,0.1,0.7,.200,0.4,0.9,.400,.357,0.3,0.4,.778,0.2,1.0,1.1,0.5,0.2,0.1,0.4,0.5,1.5
343,Tyler Johnson,SG,27,TOT,37,6,17.9,2.3,6.1,.374,0.9,3.0,.304,1.4,3.1,.443,.449,1.1,1.3,.833,0.5,1.5,2.0,1.8,0.4,0.2,0.8,1.5,6.6
344,Tyler Johnson,SG,27,PHO,31,3,16.6,2.1,5.5,.380,0.8,2.7,.289,1.3,2.8,.466,.450,0.8,1.0,.750,0.3,1.4,1.7,1.6,0.4,0.3,0.8,1.4,5.7
345,Tyler Johnson,SG,27,BRK,6,3,24.7,3.3,9.3,.357,1.7,4.8,.345,1.7,4.5,.370,.446,2.7,2.7,1.000,1.2,2.3,3.5,2.8,0.5,0.2,0.8,2.0,11.0
346,Nikola Jokić,C,24,DEN,70,70,32.5,7.9,15.0,.526,1.1,3.6,.309,6.8,11.5,.593,.562,3.5,4.2,.820,2.4,7.7,10.0,7.0,1.2,0.6,3.2,3.1,20.4
347,,,,,,,,,,,,,,,,,,,,,,,,,,,,,
348,Damian Jones,C,24,ATL,55,27,16.1,2.2,3.2,.680,0.0,0.2,.222,2.2,3.1,.704,.685,1.1,1.5,.738,1.3,2.4,3.7,0.6,0.5,0.7,0.5,2.7,5.6
349,Derrick Jones Jr.,SF,22,MIA,56,16,23.6,3.1,6.0,.515,0.7,2.4,.280,2.4,3.6,.668,.570,1.7,2.2,.777,1.1,2.9,4.0,1.1,1.0,0.7,0.5,2.3,8.5
350,Tyus Jones,PG,23,MEM,65,6,19.0,3.0,6.6,.459,0.7,1.9,.379,2.3,4.7,.492,.514,0.7,0.9,.741,0.1,1.4,1.6,4.4,0.9,0.1,0.8,0.7,7.4
351,DeAndre Jordan,C,31,BRK,56,6,22.0,3.4,5.1,.666,0.0,0.0,,3.4,5.1,.666,.666,1.5,2.2,.680,2.5,7.5,10.0,1.9,0.3,0.9,1.3,2.0,8.3
352,Cory Joseph,PG,28,SAC,70,24,24.3,2.4,5.7,.416,0.8,2.2,.351,1.6,3.5,.455,.482,0.8,0.9,.844,0.6,2.0,2.6,3.5,0.7,0.3,1.1,1.9,6.2
353,Mfiondu Kabengele,C,22,LAC,12,0,5.3,1.2,2.7,.438,0.8,1.7,.450,0.4,1.0,.417,.578,0.4,0.4,1.000,0.1,0.8,0.9,0.2,0.2,0.2,0.2,0.8,3.5
354,Frank Kaminsky,C,26,PHO,37,13,20.6,3.6,8.1,.443,1.1,3.3,.331,2.5,4.8,.520,.510,1.6,2.4,.678,0.9,3.8,4.7,2.0,0.4,0.3,1.0,2.0,9.9
355,Enes Kanter,C,27,BOS,56,6,17.0,3.4,5.9,.571,0.0,0.1,.143,3.4,5.8,.580,.572,1.2,1.8,.704,2.8,4.7,7.5,0.9,0.4,0.7,1.0,1.7,8.0
356,Luke Kennard,SG,23,DET,28,25,32.9,5.4,12.2,.442,2.6,6.5,.399,2.8,5.7,.491,.548,2.4,2.7,.893,0.3,3.2,3.5,4.1,0.4,0.2,1.5,2.3,15.8
357,Stanton Kidd,SF,27,UTA,4,0,3.8,0.0,0.8,.000,0.0,0.3,.000,0.0,0.5,.000,.000,0.0,0.0,,0.0,0.8,0.8,0.3,0.0,0.0,0.5,0.8,0.0
358,Michael Kidd-Gilchrist,PF-SF,26,TOT,22,0,10.7,0.9,2.7,.317,0.2,0.9,.250,0.6,1.8,.350,.358,0.4,0.5,.818,0.6,2.0,2.6,0.6,0.1,0.2,0.6,1.5,2.4
359,Michael Kidd-Gilchrist,PF,26,CHO,12,0,13.3,1.5,4.4,.340,0.4,1.4,.294,1.1,3.0,.361,.387,0.6,0.8,.778,0.8,2.2,2.9,0.8,0.0,0.3,0.6,1.5,4.0
360,Michael Kidd-Gilchrist,SF,26,DAL,10,0,7.5,0.1,0.7,.143,0.0,0.3,.000,0.1,0.4,.250,.143,0.2,0.2,1.000,0.4,1.8,2.2,0.3,0.2,0.2,0.7,1.4,0.4
361,Louis King,SF,20,DET,10,0,6.2,0.8,2.1,.381,0.4,1.1,.364,0.4,1.0,.400,.476,0.0,0.3,.000,0.1,0.9,1.0,0.5,0.2,0.0,0.2,1.0,2.0
362,Maxi Kleber,C,28,DAL,71,21,25.8,3.2,7.0,.460,1.6,4.3,.373,1.6,2.6,.601,.575,1.1,1.3,.857,1.5,3.8,5.4,1.2,0.3,1.1,0.8,2.4,9.1
363,Brandon Knight,PG,28,TOT,25,3,18.5,2.4,6.7,.353,1.8,5.2,.344,0.6,1.4,.389,.488,0.8,1.4,.588,0.2,1.5,1.6,2.8,0.4,0.1,1.5,1.6,7.3
364,Brandon Knight,PG,28,CLE,16,0,15.1,1.8,5.4,.326,1.2,4.0,.297,0.6,1.4,.409,.436,0.3,0.8,.308,0.2,1.1,1.3,1.9,0.3,0.1,1.0,1.3,4.9
365,Brandon Knight,PG,28,DET,9,3,24.6,3.4,9.0,.383,2.9,7.4,.388,0.6,1.6,.357,.543,1.8,2.3,.762,0.1,2.2,2.3,4.2,0.6,0.1,2.4,2.2,11.6
366,Kevin Knox,SF,20,NYK,65,4,17.9,2.2,6.2,.359,1.0,3.1,.327,1.2,3.1,.391,.440,1.0,1.6,.653,0.4,2.4,2.8,0.9,0.4,0.4,0.7,1.6,6.4
367,John Konchar,SG,23,MEM,17,0,10.4,1.4,2.1,.657,0.2,0.5,.444,1.1,1.5,.731,.714,0.1,0.1,.500,1.1,1.7,2.8,1.3,0.4,0.2,0.4,0.4,3.0
368,Furkan Korkmaz,SG,22,PHI,69,12,21.5,3.3,7.8,.430,1.9,4.9,.397,1.4,2.9,.485,.554,1.0,1.3,.733,0.2,2.0,2.3,1.1,0.6,0.2,0.8,1.4,9.6
369,Luke Kornet,C,24,CHI,36,14,15.5,2.3,5.2,.439,0.9,3.0,.287,1.4,2.2,.646,.521,0.6,0.8,.714,0.6,1.7,2.3,0.9,0.3,0.7,0.4,1.5,6.0
370,Kyle Korver,SF,38,MIL,55,0,16.2,2.2,5.1,.428,1.7,4.1,.411,0.5,1.0,.500,.594,0.5,0.7,.833,0.3,1.7,2.0,1.2,0.5,0.2,0.8,1.3,6.5
371,Rodions Kurucs,PF,21,BRK,45,7,14.1,1.7,3.7,.446,0.7,1.9,.372,1.0,1.8,.524,.542,0.5,0.8,.639,0.5,2.2,2.7,1.1,0.5,0.1,1.0,1.9,4.6
372,,,,,,,,,,,,,,,,,,,,,,,,,,,,,
373,Kyle Kuzma,PF,24,LAL,60,8,24.9,4.7,10.9,.429,1.4,4.5,.311,3.3,6.4,.512,.493,1.9,2.6,.735,0.9,3.6,4.5,1.3,0.4,0.4,1.5,2.1,12.6
374,Skal Labissière,C,23,POR,33,1,17.2,2.5,4.5,.551,0.1,0.4,.231,2.4,4.1,.582,.561,0.8,1.0,.758,2.0,3.2,5.1,1.3,0.2,0.9,0.9,2.7,5.8
375,Jeremy Lamb,SG,27,IND,46,42,28.1,4.7,10.4,.451,1.2,3.4,.335,3.5,7.0,.508,.506,2.0,2.4,.836,0.5,3.8,4.3,2.1,1.2,0.5,1.1,2.3,12.5
376,Romeo Langford,SG,20,BOS,30,1,11.2,0.8,2.4,.352,0.2,0.9,.192,0.7,1.5,.444,.387,0.6,0.8,.720,0.5,0.7,1.2,0.3,0.3,0.3,0.3,1.0,2.4
377,Zach LaVine,SG,24,CHI,60,60,34.8,9.0,20.0,.450,3.1,8.1,.380,5.9,11.9,.497,.526,4.5,5.6,.802,0.7,4.1,4.8,4.2,1.5,0.5,3.4,2.2,25.5
378,Vic Law,SF,24,ORL,6,0,2.7,0.0,0.7,.000,0.0,0.2,.000,0.0,0.5,.000,.000,0.2,0.7,.250,0.2,0.3,0.5,0.2,0.2,0.0,0.0,0.0,0.2
379,Jake Layman,PF,25,MIN,23,2,22.0,3.5,7.8,.453,1.0,3.1,.333,2.5,4.7,.533,.520,1.0,1.4,.750,0.7,1.7,2.5,0.7,0.7,0.4,1.0,2.0,9.1
380,T.J. Leaf,PF,22,IND,27,1,7.6,1.2,2.9,.429,0.2,0.6,.313,1.0,2.3,.459,.461,0.3,0.6,.467,0.9,1.7,2.5,0.3,0.3,0.1,0.3,0.7,2.9
381,Jalen Lecque,PG,19,PHO,4,0,6.5,1.0,2.5,.400,0.0,1.0,.000,1.0,1.5,.667,.400,0.5,0.5,1.000,0.0,0.0,0.0,0.5,0.0,0.0,0.3,0.5,2.5
382,Courtney Lee,SG,34,DAL,24,9,14.4,1.7,3.4,.488,0.9,2.0,.447,0.8,1.5,.543,.616,0.3,0.3,.857,0.3,1.0,1.3,0.5,0.8,0.3,0.5,1.4,4.5
383,Damion Lee,SG,27,GSW,49,36,29.0,4.3,10.4,.417,1.7,4.9,.356,2.6,5.6,.471,.500,2.2,2.6,.873,0.7,4.2,4.9,2.7,1.0,0.1,1.4,2.4,12.7
384,Alex Len,C,26,TOT,53,10,17.8,3.3,5.9,.554,0.3,1.1,.250,3.0,4.9,.620,.576,1.3,1.9,.650,1.9,4.0,5.9,0.9,0.4,0.9,1.0,2.3,8.1
385,Alex Len,C,26,ATL,40,9,18.6,3.6,6.5,.546,0.4,1.4,.250,3.2,5.1,.627,.573,1.3,2.0,.630,1.7,4.0,5.8,1.1,0.5,0.8,1.0,2.3,8.7
386,Alex Len,C,26,SAC,13,1,15.2,2.5,4.2,.593,0.0,0.0,,2.5,4.2,.593,.593,1.2,1.7,.727,2.4,4.1,6.5,0.5,0.2,1.1,1.2,2.2,6.2
387,Kawhi Leonard,SF,28,LAC,56,56,32.4,9.3,19.9,.468,2.2,5.7,.380,7.2,14.2,.504,.523,6.2,7.0,.886,1.0,6.1,7.1,4.9,1.8,0.6,2.6,1.9,27.1
388,Meyers Leonard,C,27,MIA,49,49,20.1,2.4,4.6,.520,1.0,2.4,.429,1.3,2.1,.625,.635,0.3,0.5,.654,0.6,4.5,5.1,1.1,0.3,0.3,0.7,2.1,6.1
389,Caris LeVert,SG,25,BRK,44,30,29.5,6.7,16.0,.420,1.8,4.9,.367,4.9,11.1,.443,.476,3.1,4.4,.705,1.1,3.0,4.1,4.3,1.2,0.2,2.5,1.8,18.3
390,Damian Lillard,PG,29,POR,64,64,37.3,9.3,20.2,.459,4.0,10.0,.393,5.3,10.2,.523,.556,6.8,7.7,.884,0.5,3.8,4.3,8.0,1.0,0.3,3.0,1.7,29.3
391,Nassir Little,PF,19,POR,48,5,11.9,1.4,3.1,.430,0.3,1.2,.237,1.1,1.9,.554,.477,0.6,0.9,.636,0.6,1.6,2.3,0.5,0.3,0.3,0.3,1.5,3.6
392,Kevon Looney,C,23,GSW,20,4,13.1,1.5,4.0,.367,0.1,0.7,.071,1.4,3.3,.431,.373,0.5,0.6,.750,1.4,1.9,3.3,1.0,0.6,0.3,0.6,1.7,3.4
393,Brook Lopez,C,31,MIL,65,64,26.9,4.2,9.8,.430,1.4,4.7,.306,2.8,5.0,.546,.504,1.8,2.2,.825,0.8,3.8,4.6,1.5,0.7,2.5,1.0,2.4,11.7
394,Robin Lopez,C,31,MIL,63,5,14.3,2.3,4.5,.504,0.5,1.6,.340,1.7,2.9,.593,.564,0.4,0.7,.556,0.8,1.5,2.4,0.7,0.2,0.7,1.0,1.4,5.4
395,,,,,,,,,,,,,,,,,,,,,,,,,,,,,
396,Kevin Love,PF,31,CLE,56,56,31.8,5.8,13.0,.450,2.6,7.0,.374,3.2,6.0,.537,.550,3.3,3.9,.854,1.0,8.8,9.8,3.2,0.6,0.3,2.5,1.6,17.6
397,Kyle Lowry,PG,33,TOR,57,57,36.4,5.8,13.9,.414,2.9,8.1,.353,2.9,5.8,.500,.517,5.1,5.9,.862,0.6,4.5,5.1,7.5,1.4,0.5,3.1,3.3,19.4
398,Timothé Luwawu-Cabarrot,SG,24,BRK,45,1,17.7,2.3,5.4,.418,1.2,3.2,.371,1.1,2.2,.485,.527,1.4,1.7,.844,0.6,1.9,2.5,0.6,0.4,0.2,0.7,2.2,7.2
399,Trey Lyles,PF,24,SAS,63,53,20.2,2.4,5.4,.446,1.0,2.7,.387,1.4,2.8,.503,.541,0.5,0.7,.733,1.1,4.6,5.7,1.1,0.4,0.4,0.6,1.6,6.4
400,Daryl Macon,SG,24,MIA,4,0,3.5,0.3,0.8,.333,0.3,0.5,.500,0.0,0.3,.000,.500,0.0,0.0,,0.0,0.0,0.0,0.3,0.0,0.0,0.5,0.3,0.8
401,J.P. Macura,SG,24,CLE,1,0,1.0,0.0,0.0,,0.0,0.0,,0.0,0.0,,,0.0,0.0,,0.0,0.0,0.0,0.0,0.0,0.0,0.0,0.0,0.0
402,Josh Magette,PG,30,ORL,8,0,4.8,0.6,1.9,.333,0.1,0.5,.250,0.5,1.4,.364,.367,0.1,0.3,.500,0.1,0.6,0.8,0.6,0.4,0.1,0.6,0.5,1.5
403,Ian Mahinmi,C,33,WAS,38,35,21.3,2.7,5.5,.495,0.1,0.7,.192,2.6,4.8,.538,.507,1.8,3.0,.619,2.1,3.7,5.7,1.3,0.8,1.2,1.2,3.0,7.4
404,Thon Maker,C,22,DET,60,14,12.9,1.6,3.2,.482,0.4,1.1,.344,1.2,2.2,.550,.539,1.2,1.8,.664,0.9,1.9,2.8,0.7,0.4,0.7,0.8,1.7,4.7
405,Terance Mann,SG,23,LAC,39,6,8.2,0.7,1.7,.433,0.2,0.4,.353,0.6,1.3,.460,.478,0.3,0.4,.714,0.2,0.9,1.0,1.1,0.2,0.1,0.4,1.1,1.9
406,Boban Marjanović,C,31,DAL,41,3,8.8,2.5,4.5,.562,0.1,0.4,.267,2.4,4.1,.588,.573,0.9,1.2,.740,1.4,2.6,4.1,0.4,0.2,0.2,0.6,1.3,6.1
407,Lauri Markkanen,PF,22,CHI,50,50,29.8,5.0,11.8,.425,2.2,6.3,.344,2.8,5.5,.518,.517,2.5,3.1,.824,1.2,5.1,6.3,1.5,0.8,0.5,1.6,1.9,14.7
408,Caleb Martin,SF,24,CHO,18,1,17.6,2.1,4.7,.440,1.1,2.1,.541,0.9,2.6,.362,.560,0.9,1.2,.810,0.6,1.6,2.1,1.3,0.7,0.4,0.8,1.8,6.2
409,Cody Martin,SF,24,CHO,48,3,18.8,1.9,4.3,.430,0.4,1.6,.234,1.5,2.7,.546,.473,0.9,1.4,.646,0.8,2.5,3.3,2.0,0.8,0.2,0.9,1.6,5.0
410,Jeremiah Martin,PG,23,BRK,7,0,9.0,2.1,5.1,.417,0.6,2.0,.286,1.6,3.1,.500,.472,0.6,0.9,.667,0.1,1.0,1.1,1.4,0.6,0.3,0.4,0.6,5.4
411,Kelan Martin,SF,24,MIN,31,4,16.0,2.3,5.8,.392,0.8,3.1,.260,1.5,2.7,.541,.461,1.0,1.0,.968,0.4,2.7,3.1,0.7,0.2,0.3,0.6,1.6,6.4
412,Frank Mason III,PG,25,MIL,7,0,10.1,1.3,4.0,.321,0.3,1.9,.154,1.0,2.1,.467,.357,0.7,1.1,.625,0.4,1.0,1.4,2.1,0.3,0.0,1.3,0.9,3.6
413,Garrison Mathews,SG,23,WAS,18,0,12.6,1.3,3.1,.429,1.1,2.6,.413,0.3,0.6,.500,.598,1.7,1.9,.912,0.3,1.0,1.3,0.6,0.4,0.1,0.4,1.8,5.4
414,Wesley Matthews,SG,33,MIL,66,66,24.7,2.5,6.4,.397,1.6,4.5,.365,0.9,1.9,.472,.525,0.8,1.0,.765,0.3,2.2,2.5,1.4,0.6,0.1,0.7,1.6,7.5
415,Luc Mbah a Moute,F,33,HOU,1,0,5.0,1.0,2.0,.500,0.0,0.0,,1.0,2.0,.500,.500,0.0,0.0,,1.0,0.0,1.0,0.0,0.0,0.0,0.0,0.0,2.0
416,,,,,,,,,,,,,,,,,,,,,,,,,,,,,
417,Patrick McCaw,SF,24,TOR,37,12,24.5,1.8,4.4,.414,0.6,1.9,.324,1.2,2.5,.484,.485,0.4,0.5,.722,0.5,1.8,2.3,2.1,1.1,0.1,0.8,1.6,4.6
418,CJ McCollum,SG,28,POR,68,68,36.4,8.8,19.4,.454,2.8,7.4,.385,6.0,12.1,.496,.527,1.9,2.6,.747,0.6,3.6,4.3,4.4,0.8,0.6,1.8,2.6,22.4
419,T.J. McConnell,PG,27,IND,68,3,18.7,3.0,5.7,.518,0.1,0.2,.313,2.9,5.5,.527,.524,0.5,0.6,.850,0.5,2.1,2.6,5.0,0.8,0.2,1.4,1.0,6.5
420,Jalen McDaniels,PF,22,CHO,16,0,18.3,2.1,4.4,.471,0.6,1.5,.375,1.5,2.9,.522,.536,0.9,1.1,.824,0.9,3.1,4.1,0.8,0.5,0.2,0.7,2.3,5.6
421,Doug McDermott,PF,28,IND,66,0,19.8,3.8,7.8,.485,1.8,4.2,.433,2.0,3.6,.546,.601,0.7,0.8,.833,0.4,2.1,2.5,1.1,0.2,0.1,0.6,1.7,10.0
422,JaVale McGee,C,32,LAL,66,66,16.6,2.9,4.5,.638,0.0,0.1,.500,2.8,4.4,.640,.643,0.8,1.2,.638,1.8,3.9,5.7,0.5,0.5,1.4,0.8,2.4,6.6
423,Rodney McGruder,SG,28,LAC,54,3,14.9,1.3,3.1,.411,0.4,1.6,.274,0.9,1.6,.548,.479,0.3,0.5,.536,0.5,2.1,2.5,0.6,0.4,0.1,0.4,1.4,3.3
424,Alfonzo McKinnie,SF,27,CLE,40,1,14.8,1.8,4.3,.427,0.4,1.6,.215,1.5,2.7,.557,.468,0.6,0.8,.710,0.9,1.9,2.8,0.4,0.6,0.2,0.7,1.8,4.6
425,Jordan McLaughlin,PG,23,MIN,30,2,19.7,2.9,5.9,.489,1.0,2.5,.382,1.9,3.4,.569,.570,0.9,1.3,.667,0.2,1.4,1.6,4.2,1.1,0.1,1.0,1.0,7.6
426,Ben McLemore,SG,26,HOU,68,21,22.8,3.4,7.6,.452,2.6,6.3,.406,0.9,1.3,.678,.620,0.7,1.0,.754,0.3,1.9,2.2,0.8,0.6,0.2,0.7,2.2,10.1
427,Jordan McRae,SG,28,TOT,37,4,21.2,4.0,9.9,.407,1.2,3.4,.357,2.8,6.5,.433,.469,2.2,2.9,.761,0.5,2.9,3.4,2.5,0.6,0.4,1.2,2.0,11.5
428,Jordan McRae,SG,28,WAS,29,4,22.6,4.6,10.9,.420,1.4,3.7,.377,3.2,7.3,.441,.483,2.2,2.9,.771,0.6,3.0,3.6,2.8,0.7,0.5,1.3,2.1,12.8
429,Jordan McRae,SG,28,DEN,4,0,8.0,0.5,1.5,.333,0.5,1.0,.500,0.0,0.5,.000,.500,0.8,1.0,.750,0.3,1.0,1.3,1.0,0.5,0.3,0.0,0.5,2.3
430,Jordan McRae,SG,28,DET,4,0,24.5,3.5,10.8,.326,0.8,4.0,.188,2.8,6.8,.407,.360,4.0,5.5,.727,0.0,3.8,3.8,1.8,0.0,0.0,1.3,2.5,11.8
431,Nicolò Melli,C,29,NOP,58,6,17.1,2.3,5.3,.433,1.2,3.4,.345,1.1,1.9,.591,.544,0.9,1.2,.735,0.7,2.3,2.9,1.4,0.6,0.4,0.8,2.1,6.6
432,De'Anthony Melton,PG,21,MEM,58,8,19.6,2.7,6.7,.406,0.7,2.3,.291,2.1,4.4,.467,.456,1.6,2.1,.773,0.7,3.0,3.7,2.9,1.3,0.3,1.4,1.8,7.7
433,Chimezie Metu,PF,22,SAS,16,0,4.6,1.3,2.2,.571,0.0,0.1,.000,1.3,2.1,.588,.571,0.4,0.5,.750,0.6,1.0,1.6,0.4,0.1,0.3,0.3,0.3,2.9
434,Khris Middleton,SF,28,MIL,60,57,30.1,7.7,15.4,.499,2.5,5.9,.419,5.2,9.5,.548,.579,3.3,3.6,.917,0.7,5.5,6.2,4.3,0.9,0.1,2.2,2.3,21.1
435,Eric Mika,PF,25,SAC,1,0,19.0,2.0,3.0,.667,0.0,0.0,,2.0,3.0,.667,.667,2.0,2.0,1.000,2.0,5.0,7.0,0.0,0.0,0.0,0.0,5.0,6.0
436,C.J. Miles,SG,32,WAS,10,0,16.1,1.9,5.9,.322,1.1,3.5,.314,0.8,2.4,.333,.415,1.5,2.0,.750,0.4,0.8,1.2,1.2,1.0,0.4,0.4,1.4,6.4
437,Malcolm Miller,SF,26,TOR,26,1,4.8,0.3,0.9,.333,0.2,0.7,.316,0.1,0.2,.400,.458,0.1,0.3,.375,0.0,0.5,0.5,0.3,0.2,0.1,0.1,0.5,1.0
438,Patty Mills,PG,31,SAS,66,1,22.5,3.9,9.1,.431,2.3,6.1,.382,1.6,3.0,.533,.560,1.5,1.7,.866,0.3,1.3,1.6,1.8,0.8,0.1,0.8,1.6,11.6
439,Paul Millsap,PF,34,DEN,48,45,24.5,4.2,8.7,.480,1.1,2.5,.429,3.1,6.2,.500,.541,2.3,2.9,.818,1.9,3.9,5.9,1.6,0.9,0.6,1.4,3.0,11.7
440,,,,,,,,,,,,,,,,,,,,,,,,,,,,,
441,Shake Milton,SG,23,PHI,37,21,19.8,3.4,6.7,.498,1.4,3.3,.438,1.9,3.5,.555,.604,1.3,1.7,.778,0.4,1.8,2.2,2.5,0.5,0.2,1.2,2.2,9.5
442,Donovan Mitchell,SG,23,UTA,68,68,34.6,8.8,19.7,.448,2.5,6.9,.362,6.3,12.8,.494,.512,4.1,4.7,.863,0.8,3.6,4.4,4.3,1.0,0.2,2.7,2.5,24.2
443,Naz Mitrou-Long,SG,26,IND,4,0,11.3,1.5,4.3,.353,0.5,3.0,.167,1.0,1.3,.800,.412,0.0,0.0,,0.0,1.8,1.8,1.8,0.3,0.3,0.5,0.3,3.5
444,Adam Mokoka,SG,21,CHI,11,0,10.2,1.1,2.5,.429,0.5,1.4,.400,0.5,1.2,.462,.536,0.2,0.4,.500,0.6,0.3,0.9,0.4,0.4,0.0,0.2,1.5,2.9
445,Malik Monk,SG,21,CHO,55,1,21.3,3.9,8.9,.434,1.1,3.7,.284,2.8,5.2,.542,.494,1.5,1.8,.820,0.5,2.4,2.9,2.1,0.5,0.3,1.4,1.3,10.3
446,Matt Mooney,SG,22,CLE,4,0,4.8,0.3,1.0,.250,0.0,0.5,.000,0.3,0.5,.500,.250,0.0,0.0,,0.0,0.8,0.8,0.3,0.5,0.3,0.0,0.3,0.5
447,E'Twaun Moore,SG,30,NOP,55,5,18.1,3.3,7.7,.423,1.1,3.0,.380,2.1,4.7,.450,.496,0.5,0.8,.674,0.5,1.8,2.3,1.4,0.6,0.2,0.7,1.5,8.2
448,Ja Morant,PG,20,MEM,65,65,30.7,6.7,14.0,.480,0.9,2.6,.345,5.8,11.3,.511,.512,3.5,4.5,.777,0.7,3.0,3.7,7.2,0.9,0.2,3.2,1.6,17.8
449,Juwan Morgan,PF,22,UTA,20,0,5.7,0.6,1.1,.545,0.2,0.4,.375,0.5,0.7,.643,.614,0.2,0.2,.750,0.4,0.9,1.3,0.3,0.0,0.1,0.3,0.7,1.5
450,Marcus Morris,SF-PF,30,TOT,61,61,31.2,5.8,13.1,.440,2.3,5.6,.413,3.5,7.5,.460,.528,3.0,3.6,.823,1.0,4.0,5.0,1.4,0.8,0.5,1.6,2.9,16.8
451,Marcus Morris,SF,30,NYK,43,43,32.3,6.5,14.8,.442,2.7,6.1,.439,3.8,8.7,.444,.533,3.8,4.6,.823,1.1,4.3,5.4,1.4,0.8,0.4,1.7,3.0,19.6
452,Marcus Morris,PF,30,LAC,18,18,28.8,3.9,9.1,.433,1.4,4.3,.325,2.6,4.8,.529,.509,1.0,1.2,.818,0.6,3.4,4.1,1.4,0.7,0.7,1.3,2.7,10.3
453,Markieff Morris,PF,30,TOT,56,16,20.5,3.5,7.9,.439,1.5,3.9,.374,2.0,4.0,.502,.532,1.2,1.5,.776,0.7,3.0,3.7,1.4,0.6,0.3,1.4,2.3,9.6
454,Markieff Morris,PF,30,DET,44,16,22.5,4.0,8.8,.450,1.7,4.3,.397,2.3,4.5,.500,.546,1.4,1.8,.772,0.5,3.4,3.9,1.6,0.6,0.3,1.6,2.4,11.0
455,Markieff Morris,PF,30,LAL,12,0,13.4,1.7,4.6,.364,0.6,2.5,.233,1.1,2.1,.520,.427,0.4,0.5,.833,1.1,1.7,2.8,0.6,0.4,0.5,0.5,2.1,4.3
456,Monte Morris,PG,24,DEN,70,12,22.3,3.6,7.6,.465,0.8,2.3,.367,2.7,5.4,.507,.520,1.0,1.2,.840,0.3,1.5,1.8,3.5,0.8,0.2,0.7,1.0,8.9
457,Johnathan Motley,PF,24,LAC,13,0,3.2,0.8,1.2,.733,0.1,0.1,1.000,0.8,1.1,.714,.767,0.4,0.5,.714,0.2,0.5,0.8,0.6,0.2,0.0,0.4,0.5,2.2
458,Emmanuel Mudiay,PG,23,UTA,53,2,15.5,2.7,5.9,.460,0.5,1.6,.337,2.2,4.4,.504,.505,1.2,1.6,.759,0.3,2.0,2.3,2.1,0.4,0.2,1.4,1.3,7.2
459,Mychal Mulder,SG,25,GSW,7,3,29.1,3.7,9.6,.388,2.3,7.4,.308,1.4,2.1,.667,.507,1.3,1.7,.750,0.4,2.9,3.3,1.1,0.3,0.1,0.7,2.9,11.0
460,Dejounte Murray,PG,23,SAS,64,56,25.3,4.4,9.6,.463,0.6,1.7,.377,3.8,7.9,.481,.496,1.4,1.8,.795,1.1,4.7,5.7,4.0,1.7,0.3,1.8,2.2,10.9
461,Jamal Murray,PG,22,DEN,56,56,32.9,7.1,15.6,.454,1.9,5.6,.343,5.1,10.0,.515,.515,2.8,3.2,.878,0.8,3.3,4.1,4.9,1.1,0.3,2.3,1.8,18.9
462,Džanan Musa,SF,20,BRK,39,0,11.6,1.5,4.0,.376,0.4,1.8,.239,1.1,2.2,.488,.430,1.0,1.3,.769,0.5,1.5,2.1,0.9,0.4,0.0,0.8,0.7,4.5
463,Mike Muscala,C,28,OKC,44,1,11.9,1.6,3.9,.405,1.1,3.0,.369,0.5,1.0,.512,.543,0.4,0.5,.818,0.3,1.9,2.2,0.8,0.2,0.3,0.4,1.3,4.7
464,Sviatoslav Mykhailiuk,SF,22,DET,56,27,22.6,3.0,7.2,.410,2.1,5.1,.404,0.9,2.1,.425,.552,1.0,1.3,.814,0.3,1.6,1.9,1.9,0.7,0.1,1.1,1.6,9.0
465,,,,,,,,,,,,,,,,,,,,,,,,,,,,,
466,Abdel Nader,SF,26,OKC,53,5,15.5,2.1,4.6,.457,0.8,2.2,.364,1.3,2.4,.543,.545,0.9,1.2,.769,0.3,1.5,1.8,0.7,0.4,0.4,0.7,1.3,6.0
467,Larry Nance Jr.,C,27,CLE,56,10,26.3,4.1,7.7,.531,1.0,2.8,.352,3.1,4.9,.636,.596,0.9,1.3,.676,1.9,5.4,7.3,2.2,1.0,0.4,1.1,1.6,10.1
468,Shabazz Napier,PG,28,TOT,56,32,24.0,3.4,8.1,.412,1.4,4.3,.317,2.0,3.9,.519,.496,2.3,2.7,.824,0.5,2.4,2.8,4.7,1.2,0.2,2.3,1.8,10.3
469,Shabazz Napier,PG,28,MIN,36,22,23.8,3.2,7.9,.403,1.3,4.4,.296,1.9,3.4,.540,.486,2.0,2.4,.818,0.5,2.6,3.1,5.2,1.1,0.2,2.1,1.7,9.6
470,Shabazz Napier,PG,28,WAS,20,10,24.4,3.7,8.7,.428,1.5,4.1,.358,2.3,4.6,.489,.512,2.7,3.3,.831,0.5,2.0,2.4,3.8,1.5,0.2,2.6,2.0,11.6
471,Raul Neto,PG,27,PHI,51,3,11.7,1.6,3.5,.453,0.5,1.4,.389,1.1,2.1,.495,.530,0.6,0.7,.857,0.2,0.9,1.1,1.6,0.5,0.1,0.9,0.9,4.4
472,Malik Newman,SG,22,CLE,1,0,4.0,0.0,2.0,.000,0.0,1.0,.000,0.0,1.0,.000,.000,2.0,2.0,1.000,0.0,0.0,0.0,0.0,0.0,0.0,1.0,0.0,2.0
473,Georges Niang,PF,26,UTA,64,1,13.8,2.1,4.8,.430,1.3,3.3,.390,0.8,1.5,.521,.565,0.3,0.3,.864,0.2,1.7,1.9,0.6,0.3,0.1,0.5,1.2,5.7
474,Joakim Noah,C,34,LAC,3,0,6.3,0.0,0.3,.000,0.0,0.0,,0.0,0.3,.000,.000,1.7,2.0,.833,1.3,2.0,3.3,0.7,0.0,0.3,0.7,2.3,1.7
475,Nerlens Noel,C,25,OKC,59,7,18.5,3.1,4.5,.680,0.0,0.1,.333,3.1,4.5,.684,.682,1.3,1.8,.760,1.5,3.5,4.9,0.9,1.0,1.5,1.0,2.7,7.5
476,Zach Norvell,SG,22,TOT,5,0,8.2,0.6,2.4,.250,0.6,1.6,.375,0.0,0.8,.000,.375,0.2,0.2,1.000,0.0,1.2,1.2,0.6,0.4,0.0,0.6,0.8,2.0
477,Zach Norvell,SG,22,LAL,2,0,2.5,0.0,0.5,.000,0.0,0.0,,0.0,0.5,.000,.000,0.0,0.0,,0.0,0.5,0.5,0.0,0.0,0.0,0.0,0.0,0.0
478,Zach Norvell,SG,22,GSW,3,0,12.0,1.0,3.7,.273,1.0,2.7,.375,0.0,1.0,.000,.409,0.3,0.3,1.000,0.0,1.7,1.7,1.0,0.7,0.0,1.0,1.3,3.3
479,Jaylen Nowell,SG,20,MIN,15,0,10.1,1.3,3.5,.358,0.2,1.7,.115,1.1,1.8,.593,.387,1.1,1.1,.941,0.2,0.7,0.9,1.3,0.2,0.1,0.2,0.7,3.8
480,Frank Ntilikina,PG,21,NYK,57,26,20.8,2.3,5.8,.393,0.8,2.4,.321,1.5,3.4,.444,.459,0.9,1.0,.864,0.4,1.7,2.1,3.0,0.9,0.3,1.2,2.5,6.3
481,Kendrick Nunn,SG,24,MIA,66,66,29.2,6.0,13.4,.443,2.1,5.8,.356,3.9,7.7,.509,.520,1.2,1.4,.840,0.3,2.4,2.7,3.3,0.8,0.2,1.7,2.3,15.2
482,Jusuf Nurkić,C,25,POR,6,6,31.8,6.7,13.8,.482,0.3,1.5,.222,6.3,12.3,.514,.494,5.2,5.7,.912,3.0,7.5,10.5,4.8,1.3,2.5,2.7,4.7,18.8
483,David Nwaba,SF,27,BRK,20,0,13.4,1.9,3.6,.521,0.6,1.4,.429,1.3,2.2,.581,.606,0.9,1.4,.667,0.4,1.9,2.3,0.4,0.6,0.6,0.4,1.6,5.2
484,Royce O'Neale,PF,26,UTA,69,60,29.3,2.3,5.2,.440,1.3,3.5,.385,0.9,1.7,.551,.569,0.6,0.8,.764,0.4,5.2,5.6,2.6,0.8,0.4,0.9,2.9,6.5
485,Kyle O'Quinn,C,29,PHI,27,1,9.8,1.3,2.7,.473,0.3,0.9,.280,1.0,1.8,.571,.520,0.4,0.7,.526,1.2,2.5,3.7,1.3,0.2,0.8,0.7,1.3,3.2
486,Semi Ojeleye,PF,25,BOS,67,5,14.6,1.1,2.7,.410,0.7,1.8,.378,0.4,1.0,.469,.533,0.4,0.4,.862,0.4,1.7,2.0,0.5,0.3,0.1,0.2,1.2,3.3
487,Jahlil Okafor,C,24,NOP,28,9,15.1,3.1,5.1,.611,0.0,0.1,.500,3.1,5.1,.613,.615,1.3,2.1,.638,1.6,2.6,4.3,1.3,0.3,0.7,1.3,2.3,7.6
488,Elie Okobo,PG,22,PHO,54,3,13.1,1.3,3.4,.398,0.5,1.3,.352,0.9,2.0,.427,.467,0.9,1.2,.687,0.3,1.3,1.6,2.1,0.4,0.1,0.7,1.0,4.0
489,Josh Okogie,SG,21,MIN,62,28,25.0,2.7,6.4,.427,0.7,2.5,.266,2.1,3.9,.529,.479,2.5,3.1,.796,1.4,2.9,4.3,1.6,1.1,0.4,1.4,2.2,8.6
490,,,,,,,,,,,,,,,,,,,,,,,,,,,,,
491,KZ Okpala,SF,20,MIA,5,0,5.2,0.6,1.0,.600,0.0,0.2,.000,0.6,0.8,.750,.600,0.2,0.4,.500,0.2,0.8,1.0,0.2,0.4,0.2,0.2,0.4,1.4
492,Victor Oladipo,SG,27,IND,17,14,27.2,5.1,12.4,.408,1.6,5.1,.322,3.4,7.3,.468,.474,2.6,3.3,.804,0.5,3.2,3.8,2.9,0.9,0.2,2.2,1.9,14.4
493,Kelly Olynyk,C,28,MIA,64,8,19.3,2.7,5.8,.470,1.4,3.4,.422,1.3,2.4,.539,.594,1.3,1.5,.866,0.7,3.8,4.5,1.8,0.7,0.3,1.1,2.6,8.2
494,Miye Oni,SG,22,UTA,8,1,7.1,0.8,2.0,.375,0.5,1.1,.444,0.3,0.9,.286,.500,0.5,0.6,.800,0.5,1.1,1.6,0.1,0.4,0.1,0.3,0.4,2.5
495,Cedi Osman,SF,24,CLE,65,65,29.4,4.1,9.4,.437,1.9,4.9,.383,2.2,4.4,.497,.538,1.0,1.4,.670,0.6,3.0,3.6,2.4,0.8,0.2,1.4,2.5,11.0
496,Kelly Oubre Jr.,SF,24,PHO,56,55,34.5,6.7,14.8,.452,1.9,5.5,.352,4.7,9.3,.511,.517,3.4,4.4,.780,1.2,5.3,6.4,1.5,1.3,0.7,1.5,3.4,18.7
497,Tariq Owens,PF,24,PHO,3,0,5.0,0.3,1.7,.200,0.0,0.7,.000,0.3,1.0,.333,.200,0.7,0.7,1.000,0.7,0.3,1.0,0.0,0.3,0.0,0.0,0.3,1.3
498,Jeremy Pargo,PG,33,GSW,3,0,14.7,3.7,7.3,.500,1.0,2.3,.429,2.7,5.0,.533,.568,0.0,0.3,.000,0.3,0.7,1.0,2.7,0.3,0.0,1.3,2.7,8.3
499,Jabari Parker,PF,24,TOT,36,23,24.3,5.7,11.5,.494,0.9,3.3,.265,4.8,8.2,.584,.531,1.7,2.2,.763,1.5,4.1,5.6,1.7,1.3,0.4,1.7,2.7,13.9
500,Jabari Parker,PF,24,ATL,32,23,26.2,6.2,12.3,.504,1.0,3.6,.270,5.2,8.7,.601,.543,1.7,2.3,.736,1.7,4.3,6.0,1.8,1.3,0.5,1.9,2.9,15.0
501,Jabari Parker,PF,24,SAC,4,0,9.0,1.5,5.0,.300,0.0,0.5,.000,1.5,4.5,.333,.300,2.0,2.0,1.000,0.3,2.5,2.8,0.8,0.8,0.0,0.0,0.8,5.0
502,Chandler Parsons,SF,31,ATL,5,0,10.8,1.0,3.6,.278,0.8,2.8,.286,0.2,0.8,.250,.389,0.0,0.0,,0.2,1.2,1.4,0.6,0.8,0.2,0.6,0.6,2.8
503,Eric Paschall,PF,23,GSW,60,26,27.6,5.3,10.7,.497,0.6,2.2,.287,4.7,8.5,.550,.526,2.7,3.5,.774,1.4,3.2,4.6,2.1,0.5,0.2,1.6,2.1,14.0
504,Anžejs Pasečņiks,C,24,WAS,26,0,16.0,2.2,4.1,.533,0.0,0.1,.000,2.2,4.0,.543,.533,1.2,2.1,.593,1.5,2.4,3.9,0.7,0.3,0.5,0.9,2.7,5.6
505,Patrick Patterson,PF,30,LAC,57,18,12.5,1.5,3.7,.413,1.1,2.8,.386,0.5,1.0,.491,.556,0.5,0.6,.811,0.6,1.8,2.4,0.7,0.1,0.1,0.3,0.8,4.7
506,Justin Patton,C,22,OKC,5,0,4.8,0.8,2.0,.400,0.2,0.8,.250,0.6,1.2,.500,.450,0.0,0.0,,0.2,0.8,1.0,0.4,0.0,0.0,0.4,0.8,1.8
507,Chris Paul,PG,34,OKC,68,68,31.8,6.3,12.7,.493,1.6,4.4,.372,4.7,8.4,.556,.557,3.6,3.9,.903,0.4,4.6,5.0,6.8,1.6,0.2,2.3,2.3,17.7
508,Cameron Payne,PG,25,PHO,5,0,20.4,4.2,8.4,.500,1.8,3.6,.500,2.4,4.8,.500,.607,0.0,0.0,,0.4,3.2,3.6,2.8,1.0,0.4,1.4,2.2,10.2
509,Elfrid Payton,PG,25,NYK,45,36,27.7,4.3,9.8,.439,0.3,1.5,.203,4.0,8.2,.482,.455,1.1,1.9,.570,1.2,3.6,4.7,7.2,1.6,0.4,2.1,2.0,10.0
510,Gary Payton II,PG,27,WAS,29,17,14.9,1.7,4.0,.414,0.4,1.6,.283,1.2,2.4,.500,.470,0.1,0.3,.500,0.9,1.9,2.8,1.7,1.1,0.2,0.7,1.9,3.9
511,Norvel Pelle,C,26,PHI,21,0,8.9,0.9,1.7,.500,0.0,0.0,,0.9,1.7,.500,.500,0.3,0.7,.500,0.8,2.2,3.0,0.3,0.1,1.2,0.7,2.0,2.0
512,Theo Pinson,SG,24,BRK,33,0,11.1,1.4,4.7,.290,0.5,2.4,.188,0.9,2.3,.400,.339,0.5,0.5,.938,0.3,1.3,1.6,1.7,0.5,0.1,1.0,1.1,3.6
513,,,,,,,,,,,,,,,,,,,,,,,,,,,,,
514,Mason Plumlee,C,29,DEN,58,1,17.1,2.9,4.7,.615,0.0,0.1,.000,2.9,4.6,.626,.615,1.4,2.6,.533,1.6,3.7,5.3,2.5,0.5,0.6,1.3,2.3,7.1
515,Jakob Poeltl,C,24,SAS,64,16,17.5,2.4,4.0,.613,0.0,0.0,,2.4,4.0,.613,.613,0.6,1.2,.487,2.0,3.6,5.6,1.8,0.5,1.4,0.8,1.9,5.4
516,Vincent Poirier,C,26,BOS,21,0,5.4,0.8,1.6,.485,0.0,0.1,.500,0.7,1.5,.484,.500,0.3,0.3,.857,0.5,1.1,1.6,0.3,0.1,0.3,0.3,1.1,1.9
517,Shamorie Ponds,PG,21,TOR,4,0,2.8,0.8,1.3,.600,0.3,0.5,.500,0.5,0.8,.667,.700,0.5,0.5,1.000,0.0,0.3,0.3,0.5,0.0,0.3,0.0,0.5,2.3
518,Jordan Poole,SG,20,GSW,57,14,22.4,2.9,8.8,.333,1.3,4.6,.279,1.6,4.2,.392,.406,1.7,2.1,.798,0.2,1.9,2.1,2.4,0.6,0.2,1.3,1.6,8.8
519,Kevin Porter Jr.,SF,19,CLE,50,3,23.2,3.7,8.4,.442,1.1,3.2,.335,2.7,5.3,.506,.505,1.5,2.0,.723,0.4,2.8,3.2,2.2,0.9,0.3,1.9,2.7,10.0
520,Michael Porter Jr.,PF,21,DEN,53,6,16.1,3.5,6.9,.504,1.1,2.6,.421,2.4,4.3,.555,.584,1.1,1.3,.838,1.2,3.5,4.7,0.8,0.5,0.5,0.8,1.8,9.2
521,Otto Porter,SF,26,CHI,14,9,23.6,4.4,10.0,.443,1.7,4.4,.387,2.7,5.6,.487,.529,1.4,1.9,.704,0.9,2.5,3.4,1.8,1.1,0.4,0.8,2.2,11.9
522,Bobby Portis,C,24,NYK,66,5,21.1,4.0,8.9,.450,1.0,2.8,.358,3.0,6.1,.493,.507,1.1,1.4,.763,1.2,3.9,5.1,1.5,0.5,0.3,1.1,1.7,10.1
523,Kristaps Porziņģis,PF,24,DAL,56,56,31.8,6.9,16.3,.422,2.4,7.0,.343,4.5,9.3,.482,.496,3.9,4.9,.798,1.8,7.8,9.5,1.8,0.7,2.0,1.6,3.2,20.1
524,Dwight Powell,C,28,DAL,40,37,26.5,3.7,5.7,.638,0.3,1.0,.256,3.4,4.8,.716,.659,1.9,2.8,.667,1.9,3.8,5.7,1.5,0.9,0.6,0.9,2.6,9.4
525,Norman Powell,SG,26,TOR,49,23,28.6,5.7,11.6,.491,2.0,5.2,.385,3.7,6.3,.579,.579,2.5,2.9,.853,0.5,3.0,3.5,1.8,1.2,0.3,1.5,2.1,15.9
526,Chasson Randle,PG,26,GSW,3,0,13.3,0.0,1.3,.000,0.0,0.7,.000,0.0,0.7,.000,.000,1.7,2.0,.833,0.0,0.7,0.7,1.7,0.7,0.0,0.0,1.0,1.7
527,Julius Randle,PF,25,NYK,64,64,32.5,7.2,15.7,.460,1.0,3.6,.277,6.2,12.1,.515,.492,4.0,5.5,.733,2.4,7.4,9.7,3.1,0.8,0.3,3.0,2.8,19.5
528,Josh Reaves,SG,22,DAL,2,0,0.5,0.0,0.5,.000,0.0,0.0,,0.0,0.5,.000,.000,0.0,0.0,,0.0,0.0,0.0,0.0,0.0,0.0,0.0,0.0,0.0
529,Cam Reddish,SF,20,ATL,58,34,26.7,3.7,9.6,.384,1.4,4.3,.332,2.2,5.2,.428,.459,1.7,2.2,.802,0.6,3.1,3.7,1.5,1.1,0.5,1.7,2.3,10.5
530,J.J. Redick,SG,35,NOP,60,36,26.4,4.8,10.5,.453,3.0,6.6,.453,1.8,3.9,.453,.596,2.8,3.1,.892,0.2,2.4,2.5,2.0,0.3,0.2,1.3,1.6,15.3
531,Naz Reid,C,20,MIN,30,11,16.5,3.3,8.1,.412,1.1,3.2,.330,2.3,4.9,.466,.477,1.2,1.8,.698,1.1,3.0,4.1,1.2,0.6,0.7,0.7,2.8,9.0
532,Josh Richardson,SG,26,PHI,53,51,31.1,5.2,12.0,.431,1.6,4.6,.340,3.6,7.4,.487,.496,2.1,2.6,.804,0.8,2.4,3.2,3.0,0.9,0.7,1.9,2.5,14.0
533,Austin Rivers,SG,27,HOU,65,4,23.4,3.2,7.4,.429,1.4,4.0,.363,1.7,3.4,.507,.527,1.2,1.6,.701,0.4,2.0,2.4,1.7,0.7,0.2,0.7,1.9,8.9
534,,,,,,,,,,,,,,,,,,,,,,,,,,,,,
535,Andre Roberson,SG,28,OKC,4,0,8.8,0.5,2.5,.200,0.0,0.5,.000,0.5,2.0,.250,.200,0.0,0.0,,0.8,2.3,3.0,0.0,0.3,0.5,0.3,1.5,1.0
536,Duncan Robinson,SF,25,MIA,70,65,30.1,4.5,9.5,.469,3.7,8.4,.445,0.7,1.1,.646,.665,0.9,1.0,.929,0.1,3.0,3.2,1.4,0.5,0.3,0.9,2.7,13.6
537,Glenn Robinson III,SF,26,TOT,61,52,28.9,4.6,9.6,.485,1.2,3.1,.387,3.4,6.4,.533,.549,1.2,1.4,.867,1.3,3.0,4.3,1.6,0.9,0.3,0.9,1.6,11.7
538,Glenn Robinson III,SF,26,GSW,48,48,31.6,5.1,10.6,.481,1.4,3.5,.400,3.7,7.0,.522,.548,1.3,1.5,.851,1.4,3.3,4.7,1.8,0.9,0.3,1.0,1.7,12.9
539,Glenn Robinson III,SF,26,PHI,13,4,18.8,3.0,5.8,.513,0.5,1.6,.286,2.5,4.2,.600,.553,0.7,0.7,1.000,0.9,1.9,2.8,0.8,0.7,0.2,0.3,1.2,7.2
540,Jerome Robinson,SG,22,TOT,61,4,15.1,1.8,4.7,.370,0.7,2.3,.319,1.0,2.4,.419,.448,0.6,0.8,.700,0.2,1.8,2.0,1.3,0.5,0.3,0.7,1.8,4.8
541,Jerome Robinson,SG,22,LAC,42,1,11.3,1.1,3.2,.338,0.5,1.6,.284,0.6,1.6,.391,.408,0.3,0.5,.579,0.1,1.3,1.4,1.1,0.3,0.2,0.6,1.3,2.9
542,Jerome Robinson,SG,22,WAS,19,3,23.3,3.2,8.1,.399,1.4,3.9,.351,1.8,4.2,.443,.484,1.3,1.6,.774,0.4,2.9,3.3,1.7,0.8,0.5,0.9,2.7,9.1
543,Justin Robinson,PG,22,WAS,9,0,5.4,0.6,1.3,.417,0.3,0.6,.600,0.2,0.8,.286,.542,0.0,0.0,,0.1,0.4,0.6,0.8,0.0,0.1,0.3,0.2,1.4
544,Mitchell Robinson,C,21,NYK,61,7,23.1,4.1,5.6,.742,0.0,0.0,,4.1,5.6,.742,.742,1.4,2.4,.568,3.0,4.0,7.0,0.6,0.9,2.0,0.6,3.2,9.7
545,Isaiah Roby,SF,21,OKC,3,0,3.7,0.0,0.3,.000,0.0,0.0,,0.0,0.3,.000,.000,0.0,0.0,,0.0,0.7,0.7,0.0,0.0,0.0,0.3,0.3,0.0
546,Rajon Rondo,PG,33,LAL,48,3,20.5,2.9,6.8,.418,0.9,2.6,.328,2.0,4.2,.473,.480,0.6,0.9,.659,0.5,2.5,3.0,5.0,0.8,0.0,1.9,1.2,7.1
547,Derrick Rose,PG,31,DET,50,15,26.0,7.4,15.1,.490,0.9,2.9,.306,6.5,12.1,.535,.520,2.4,2.8,.871,0.5,1.9,2.4,5.6,0.8,0.3,2.5,1.0,18.1
548,Terrence Ross,SG,28,ORL,69,0,27.4,4.9,12.3,.403,2.6,7.3,.351,2.4,5.0,.480,.508,2.3,2.7,.853,0.2,3.0,3.2,1.2,1.1,0.3,1.0,1.6,14.7
549,Terry Rozier,PG,25,CHO,63,63,34.3,6.3,14.9,.423,2.7,6.7,.407,3.6,8.2,.436,.514,2.6,3.0,.874,0.8,3.6,4.4,4.1,1.0,0.2,2.2,2.0,18.0
550,Ricky Rubio,PG,29,PHO,62,62,31.4,4.5,10.8,.413,1.2,3.3,.361,3.3,7.5,.437,.469,3.0,3.5,.863,0.7,4.0,4.7,8.7,1.5,0.2,2.7,2.5,13.2
551,D'Angelo Russell,PG,23,TOT,45,45,32.3,8.0,18.8,.426,3.5,9.6,.367,4.5,9.2,.487,.519,3.6,4.4,.809,0.4,3.6,3.9,6.3,1.1,0.3,3.3,1.9,23.1
552,D'Angelo Russell,PG,23,GSW,33,33,32.1,8.3,19.2,.430,3.6,9.7,.374,4.6,9.5,.487,.524,3.4,4.4,.785,0.4,3.3,3.7,6.2,0.9,0.3,3.1,1.9,23.6
553,D'Angelo Russell,PG,23,MIN,12,12,32.7,7.3,17.6,.412,3.2,9.2,.345,4.1,8.4,.485,.502,4.0,4.6,.873,0.3,4.3,4.6,6.6,1.4,0.3,3.8,1.8,21.7
554,Domantas Sabonis,C,23,IND,62,62,34.8,7.4,13.7,.540,0.3,1.1,.254,7.1,12.6,.565,.550,3.5,4.8,.723,3.0,9.4,12.4,5.0,0.8,0.5,2.7,3.1,18.5
555,Luka Šamanić,PF,20,SAS,1,0,12.0,0.0,4.0,.000,0.0,2.0,.000,0.0,2.0,.000,.000,0.0,0.0,,0.0,2.0,2.0,3.0,0.0,0.0,0.0,0.0,0.0
556,JaKarr Sampson,SF,26,IND,31,10,13.3,1.9,3.3,.584,0.1,0.4,.154,1.8,2.8,.648,.594,0.4,0.7,.591,0.6,1.8,2.5,0.6,0.4,0.4,0.4,1.8,4.3
557,Dario Šarić,PF,25,PHO,63,50,24.7,3.7,8.0,.465,1.3,3.6,.348,2.5,4.4,.561,.543,1.6,1.9,.851,1.5,4.6,6.1,1.8,0.6,0.2,1.3,2.3,10.4
558,Tomáš Satoranský,PG,28,CHI,65,64,28.9,3.6,8.5,.430,1.0,3.1,.322,2.7,5.4,.491,.488,1.6,1.9,.876,1.2,2.7,3.9,5.4,1.2,0.1,2.0,2.1,9.9
559,Admiral Schofield,SF,22,WAS,32,2,11.1,1.0,2.7,.379,0.5,1.8,.304,0.5,1.0,.516,.477,0.3,0.4,.692,0.2,1.2,1.4,0.5,0.3,0.1,0.2,1.5,2.9
560,Dennis Schröder,PG,26,OKC,64,1,30.8,7.0,14.9,.469,1.9,5.0,.379,5.1,9.9,.515,.533,3.1,3.7,.838,0.3,3.4,3.7,4.0,0.7,0.2,2.6,2.2,18.9
561,,,,,,,,,,,,,,,,,,,,,,,,,,,,,
562,Mike Scott,PF,31,PHI,65,10,17.6,2.1,5.1,.410,1.1,3.2,.356,0.9,1.9,.504,.523,0.4,0.5,.833,0.9,2.6,3.6,0.8,0.3,0.1,0.4,1.4,5.7
563,Thabo Sefolosha,PF,35,HOU,41,0,10.6,0.9,2.2,.407,0.4,1.3,.278,0.5,0.9,.595,.489,0.1,0.2,.375,0.5,1.8,2.3,0.6,0.6,0.3,0.4,1.0,2.2
564,Collin Sexton,SG,21,CLE,65,65,33.0,7.9,16.7,.472,1.5,3.9,.380,6.4,12.8,.501,.517,3.5,4.1,.846,0.9,2.2,3.1,3.0,1.0,0.1,2.4,2.2,20.8
565,Landry Shamet,SG,22,LAC,53,30,27.4,3.0,7.4,.404,2.1,5.6,.375,0.9,1.8,.495,.546,1.2,1.4,.855,0.1,1.8,1.9,1.9,0.4,0.2,0.8,2.7,9.3
566,Marial Shayok,SG,24,PHI,2,0,5.0,0.5,2.5,.200,0.5,1.5,.333,0.0,1.0,.000,.300,0.0,0.0,,0.0,1.5,1.5,0.5,0.0,0.0,0.5,0.0,1.5
567,Iman Shumpert,SG,29,BRK,13,0,18.5,1.6,4.9,.328,0.6,2.5,.242,1.0,2.4,.419,.391,0.3,0.5,.571,0.7,1.9,2.6,0.9,0.9,0.2,0.8,1.6,4.2
568,Pascal Siakam,PF,25,TOR,58,58,35.4,8.4,18.5,.456,2.2,6.1,.364,6.2,12.4,.501,.516,4.0,5.0,.801,1.0,6.3,7.3,3.5,1.0,0.9,2.5,2.9,23.1
569,Chris Silva,PF,23,MIA,42,0,7.3,1.0,1.6,.623,0.0,0.0,.000,1.0,1.6,.642,.623,0.8,1.2,.694,1.3,1.3,2.6,0.5,0.2,0.4,0.7,1.9,2.9
570,Ben Simmons,PG,23,PHI,57,57,35.4,6.6,11.4,.580,0.0,0.1,.286,6.5,11.2,.583,.581,3.2,5.2,.621,2.0,5.8,7.8,8.0,2.1,0.6,3.5,3.3,16.4
571,Anfernee Simons,SG,20,POR,69,4,21.0,3.1,7.8,.400,1.1,3.3,.333,2.0,4.5,.448,.470,1.1,1.3,.826,0.4,1.8,2.2,1.4,0.4,0.1,0.9,2.0,8.4
572,Alen Smailagić,PF,19,GSW,14,0,9.9,1.4,2.9,.500,0.2,0.9,.231,1.2,1.9,.630,.538,1.1,1.4,.842,0.7,1.2,1.9,0.9,0.2,0.3,0.8,1.0,4.2
573,Marcus Smart,SG,25,BOS,59,40,32.1,4.3,11.4,.375,2.3,6.6,.345,2.0,4.8,.415,.475,2.1,2.5,.832,0.7,3.1,3.8,4.8,1.7,0.5,1.7,2.7,13.0
574,Dennis Smith Jr.,PG,22,NYK,34,3,15.8,2.1,6.2,.341,0.5,1.6,.296,1.6,4.6,.357,.379,0.8,1.6,.509,0.6,1.7,2.3,2.9,0.8,0.2,1.7,1.9,5.5
575,Ish Smith,PG,31,WAS,66,23,26.2,4.5,10.0,.446,0.9,2.5,.365,3.5,7.5,.474,.492,0.9,1.2,.720,0.5,2.8,3.2,4.9,0.9,0.4,1.3,1.5,10.8
576,J.R. Smith,SG,34,LAL,5,0,10.8,0.4,2.4,.167,0.0,1.6,.000,0.4,0.8,.500,.167,0.4,0.4,1.000,0.0,0.8,0.8,0.2,0.2,0.0,0.6,0.6,1.2
577,Zhaire Smith,SG,20,PHI,7,0,4.6,0.4,1.6,.273,0.0,0.4,.000,0.4,1.1,.375,.273,0.3,0.6,.500,0.0,0.3,0.3,0.3,0.4,0.0,0.3,0.6,1.1
578,Tony Snell,SF,28,DET,59,57,27.8,2.9,6.5,.445,1.7,4.3,.402,1.2,2.2,.531,.579,0.5,0.5,1.000,0.2,1.7,1.9,2.2,0.5,0.3,0.5,1.7,8.0
579,Omari Spellman,PF,22,GSW,49,3,18.1,2.6,6.0,.431,0.9,2.2,.391,1.7,3.8,.454,.503,1.5,1.9,.793,1.6,2.9,4.5,1.0,0.7,0.5,1.1,1.3,7.6
580,Max Strus,SG,23,CHI,2,0,3.0,1.0,1.5,.667,0.0,0.5,.000,1.0,1.0,1.000,.667,0.5,0.5,1.000,0.5,0.0,0.5,0.0,0.0,0.0,0.0,0.5,2.5
581,Edmond Sumner,PG,24,IND,28,2,13.4,1.8,4.3,.417,0.4,1.6,.267,1.4,2.7,.507,.467,0.4,0.6,.647,0.4,1.0,1.4,1.4,0.5,0.3,0.7,1.3,4.4
582,,,,,,,,,,,,,,,,,,,,,,,,,,,,,
583,Caleb Swanigan,PF,22,TOT,27,1,10.7,1.0,1.7,.596,0.0,0.1,.000,1.0,1.7,.622,.596,0.3,0.6,.529,1.0,2.7,3.7,1.1,0.1,0.3,1.4,2.3,2.4
584,Caleb Swanigan,PF,22,SAC,7,0,3.3,0.3,0.6,.500,0.0,0.0,,0.3,0.6,.500,.500,0.1,0.3,.500,0.3,0.7,1.0,0.3,0.1,0.3,0.9,1.1,0.7
585,Caleb Swanigan,PF,22,POR,20,1,13.3,1.3,2.2,.605,0.0,0.1,.000,1.3,2.1,.634,.605,0.4,0.8,.533,1.3,3.4,4.7,1.5,0.1,0.3,1.6,2.7,3.0
586,Jayson Tatum,PF,21,BOS,65,65,34.4,8.3,18.7,.447,2.8,7.1,.399,5.5,11.5,.477,.523,3.8,4.7,.808,1.0,6.0,7.0,3.0,1.4,0.9,2.3,2.1,23.4
587,Jeff Teague,PG,31,TOT,59,17,24.8,3.6,8.3,.436,0.7,2.0,.368,2.9,6.3,.457,.480,2.9,3.3,.873,0.5,1.9,2.4,5.2,0.7,0.3,2.0,1.8,10.9
588,Jeff Teague,PG,31,MIN,34,13,27.8,4.3,9.5,.448,1.0,2.6,.379,3.3,7.0,.473,.498,3.7,4.2,.868,0.4,2.1,2.6,6.1,0.7,0.4,2.2,2.1,13.2
589,Jeff Teague,PG,31,ATL,25,4,20.8,2.7,6.6,.412,0.4,1.2,.333,2.3,5.4,.430,.442,1.9,2.1,.887,0.5,1.7,2.2,4.0,0.8,0.2,1.6,1.4,7.7
590,Garrett Temple,SG,33,BRK,61,34,27.8,3.6,9.5,.378,2.0,6.2,.327,1.5,3.2,.475,.485,1.1,1.4,.795,0.5,3.0,3.4,2.5,0.8,0.5,1.0,1.7,10.3
591,Daniel Theis,C,27,BOS,64,63,24.2,3.8,6.6,.567,0.5,1.5,.337,3.3,5.1,.634,.605,1.4,1.8,.763,2.2,4.4,6.6,1.7,0.6,1.3,0.8,3.4,9.4
592,Isaiah Thomas,PG,30,WAS,40,37,23.1,4.4,10.7,.408,2.0,4.7,.413,2.4,5.9,.405,.500,1.6,1.9,.816,0.3,1.4,1.7,3.7,0.3,0.2,1.9,1.9,12.2
593,Khyri Thomas,SG,23,DET,8,0,7.6,0.6,2.1,.294,0.6,1.8,.357,0.0,0.4,.000,.441,0.3,0.5,.500,0.1,0.0,0.1,0.4,0.4,0.0,0.4,1.1,2.1
594,Lance Thomas,SF,31,BRK,5,4,14.0,0.8,3.6,.222,0.2,1.8,.111,0.6,1.8,.333,.250,0.6,0.6,1.000,0.2,1.6,1.8,1.0,0.0,0.0,0.8,1.6,2.4
595,Matt Thomas,SG,25,TOR,38,0,9.2,1.5,3.2,.483,1.0,2.2,.470,0.5,1.0,.514,.646,0.2,0.3,.700,0.2,1.2,1.3,0.5,0.2,0.0,0.3,0.9,4.3
596,Tristan Thompson,C,28,CLE,57,51,30.2,5.1,9.9,.512,0.2,0.4,.391,4.9,9.5,.518,.520,1.7,2.8,.615,4.0,6.2,10.1,2.1,0.6,0.9,1.8,2.2,12.0
597,Matisse Thybulle,SG,22,PHI,62,13,19.5,1.6,4.0,.408,0.8,2.4,.349,0.8,1.6,.495,.512,0.4,0.7,.610,0.7,0.9,1.6,1.2,1.4,0.7,0.8,2.1,4.5
598,Anthony Tolliver,PF,34,TOT,53,11,15.8,1.2,3.3,.354,0.9,2.6,.333,0.3,0.7,.432,.486,0.4,0.5,.724,0.6,2.2,2.8,0.7,0.3,0.2,0.6,1.4,3.6
599,Anthony Tolliver,PF,34,POR,33,9,16.8,1.3,3.5,.368,0.9,2.7,.337,0.4,0.8,.464,.496,0.4,0.6,.684,0.8,2.5,3.3,0.9,0.2,0.3,0.6,1.6,3.9
600,Anthony Tolliver,PF,34,SAC,9,0,9.1,0.3,1.9,.176,0.2,1.7,.133,0.1,0.2,.500,.235,0.1,0.2,.500,0.2,1.0,1.2,0.3,0.4,0.1,0.4,0.7,1.0
601,Anthony Tolliver,PF,34,MEM,11,2,18.5,1.5,3.7,.390,1.3,3.1,.412,0.2,0.6,.286,.561,0.6,0.7,.875,0.3,2.3,2.5,0.6,0.5,0.1,0.7,1.2,4.8
602,Juan Toscano-Anderson,SF,26,GSW,13,6,20.9,2.2,4.8,.460,0.6,1.8,.348,1.6,3.1,.525,.524,0.2,0.4,.600,0.7,3.3,4.0,2.0,1.0,0.4,1.2,2.3,5.3
603,Karl-Anthony Towns,C,24,MIN,35,35,33.9,9.0,17.8,.508,3.3,7.9,.412,5.8,9.9,.586,.600,5.1,6.5,.796,2.7,8.1,10.8,4.4,0.9,1.2,3.1,3.3,26.5
604,Gary Trent Jr.,SG,21,POR,59,8,21.4,3.1,7.1,.444,1.8,4.3,.425,1.3,2.8,.473,.572,0.6,0.8,.822,0.4,1.2,1.7,1.0,0.7,0.3,0.3,1.4,8.7
605,Allonzo Trier,PG,24,NYK,24,1,12.1,2.1,4.4,.481,0.8,2.2,.358,1.3,2.2,.604,.571,1.4,1.8,.791,0.3,1.0,1.2,1.2,0.1,0.2,0.9,1.2,6.5
606,P.J. Tucker,PF,34,HOU,69,69,34.5,2.5,5.9,.421,1.5,4.1,.364,1.0,1.8,.553,.548,0.6,0.7,.813,1.6,5.2,6.8,1.6,1.1,0.5,1.0,3.2,7.1
607,Rayjon Tucker,SG,22,UTA,18,0,6.1,0.6,1.3,.417,0.1,0.6,.100,0.5,0.8,.643,.438,0.3,0.5,.667,0.2,0.7,0.8,0.2,0.1,0.0,0.4,0.6,1.5
608,Evan Turner,PG,31,ATL,19,0,13.2,1.3,3.5,.373,0.0,0.3,.000,1.3,3.3,.403,.373,0.6,0.7,.857,0.4,1.6,2.0,2.0,0.5,0.4,1.4,1.1,3.3
609,Myles Turner,C,23,IND,60,60,29.6,4.3,9.4,.459,1.4,4.1,.346,2.9,5.3,.547,.534,2.0,2.6,.755,1.3,5.2,6.5,1.1,0.8,2.2,1.3,2.6,12.0
610,,,,,,,,,,,,,,,,,,,,,,,,,,,,,
611,Jarrod Uthoff,SF,26,TOT,5,0,5.2,0.6,2.0,.300,0.0,0.8,.000,0.6,1.2,.500,.300,0.4,0.4,1.000,0.2,0.4,0.6,0.0,0.2,0.0,0.0,0.2,1.6
612,Jarrod Uthoff,SF,26,MEM,4,0,3.5,0.3,1.8,.143,0.0,1.0,.000,0.3,0.8,.333,.143,0.5,0.5,1.000,0.3,0.0,0.3,0.0,0.3,0.0,0.0,0.3,1.0
613,Jarrod Uthoff,F,26,WAS,1,0,12.0,2.0,3.0,.667,0.0,0.0,,2.0,3.0,.667,.667,0.0,0.0,,0.0,2.0,2.0,0.0,0.0,0.0,0.0,0.0,4.0
614,Jonas Valančiūnas,C,27,MEM,68,68,26.3,6.1,10.5,.584,0.4,1.3,.341,5.7,9.2,.619,.605,2.1,2.8,.740,3.0,8.1,11.2,1.8,0.4,1.1,1.8,2.7,14.8
615,Denzel Valentine,SF,26,CHI,36,5,13.6,2.7,6.6,.409,1.3,3.8,.336,1.4,2.8,.510,.506,0.2,0.2,.750,0.3,1.8,2.1,1.2,0.7,0.2,0.7,1.4,6.8
616,Jarred Vanderbilt,SF-PF,20,TOT,11,0,4.2,0.5,0.7,.625,0.0,0.1,.000,0.5,0.6,.714,.625,0.2,0.2,1.000,0.3,0.5,0.8,0.2,0.3,0.1,0.6,0.5,1.1
617,Jarred Vanderbilt,SF,20,DEN,9,0,4.6,0.6,0.8,.714,0.0,0.0,,0.6,0.8,.714,.714,0.0,0.0,,0.3,0.6,0.9,0.2,0.3,0.1,0.8,0.7,1.1
618,Jarred Vanderbilt,PF,20,MIN,2,0,2.5,0.0,0.5,.000,0.0,0.5,.000,0.0,0.0,,.000,1.0,1.0,1.000,0.0,0.5,0.5,0.0,0.0,0.0,0.0,0.0,1.0
619,Fred VanVleet,PG,25,TOR,53,53,35.9,6.0,14.4,.415,2.7,7.0,.391,3.2,7.4,.437,.510,3.1,3.7,.846,0.3,3.5,3.8,6.6,1.9,0.3,2.3,2.5,17.8
620,Gabe Vincent,PG,23,MIA,7,0,8.7,0.9,3.9,.222,0.6,2.9,.200,0.3,1.0,.286,.296,0.0,0.0,,0.0,0.6,0.6,0.7,0.1,0.0,0.0,0.7,2.3
621,Noah Vonleh,C-PF,24,TOT,34,1,10.8,1.5,2.6,.567,0.1,0.4,.200,1.4,2.2,.640,.583,0.7,0.9,.800,1.1,2.6,3.6,0.8,0.3,0.2,0.6,1.1,3.8
622,Noah Vonleh,C,24,MIN,29,1,12.0,1.6,3.0,.547,0.1,0.5,.143,1.6,2.5,.625,.558,0.8,1.0,.821,1.2,2.8,4.0,0.9,0.4,0.2,0.7,1.2,4.1
623,Noah Vonleh,PF,24,DEN,5,0,4.0,0.8,0.8,1.000,0.2,0.2,1.000,0.6,0.6,1.000,1.125,0.2,0.4,.500,0.6,1.0,1.6,0.2,0.0,0.0,0.4,0.4,2.0
624,Nikola Vučević,C,29,ORL,60,60,32.5,8.0,16.8,.475,1.6,4.7,.332,6.4,12.1,.530,.521,2.2,2.8,.784,2.3,8.6,11.0,3.6,0.9,0.8,1.4,2.2,19.7
625,Dean Wade,PF,23,CLE,12,0,5.9,0.8,1.1,.692,0.2,0.3,.500,0.6,0.8,.778,.769,0.0,0.1,.000,0.3,1.3,1.6,0.2,0.2,0.3,0.3,0.7,1.7
626,Moritz Wagner,C,22,WAS,43,5,18.5,3.3,6.0,.555,0.6,1.7,.329,2.7,4.3,.645,.602,1.7,2.1,.809,1.3,3.6,4.8,1.2,0.6,0.4,1.5,3.4,8.8
627,Dion Waiters,SG,28,TOT,8,0,19.3,3.5,9.5,.368,1.4,4.9,.282,2.1,4.6,.459,.441,1.6,1.9,.867,0.1,2.5,2.6,1.5,0.5,0.8,1.3,2.1,10.0
628,Dion Waiters,SG,28,MIA,3,0,14.0,3.3,8.7,.385,2.7,5.7,.471,0.7,3.0,.222,.538,0.0,0.3,.000,0.0,3.7,3.7,1.0,0.0,0.7,1.0,1.7,9.3
629,Dion Waiters,SG,28,LAL,5,0,22.4,3.6,10.0,.360,0.6,4.4,.136,3.0,5.6,.536,.390,2.6,2.8,.929,0.2,1.8,2.0,1.8,0.8,0.8,1.4,2.4,10.4
630,Kemba Walker,PG,29,BOS,55,55,31.2,6.7,16.0,.422,3.2,8.5,.380,3.5,7.5,.470,.523,3.7,4.3,.862,0.6,3.2,3.9,4.8,0.9,0.5,2.1,1.6,20.5
631,Lonnie Walker,SG,21,SAS,59,10,15.7,2.4,5.6,.429,0.6,1.6,.391,1.8,4.1,.444,.483,0.7,1.0,.712,0.4,1.8,2.2,1.0,0.5,0.2,0.6,1.3,6.1
632,Tyrone Wallace,SG,25,ATL,14,0,11.4,1.0,3.1,.318,0.1,1.1,.067,0.9,2.1,.448,.330,0.8,1.2,.647,0.2,1.4,1.6,0.9,0.5,0.1,0.7,1.4,2.9
633,Taurean Prince,SF,25,BRK,64,61,29.0,4.3,11.5,.376,2.3,6.7,.339,2.1,4.8,.429,.475,1.1,1.4,.798,0.8,5.2,6.0,1.8,0.9,0.4,2.0,2.5,12.1
634,Derrick Walton,PG,24,TOT,26,1,9.5,0.7,1.5,.462,0.4,0.9,.417,0.3,0.6,.533,.590,0.3,0.3,.778,0.1,0.5,0.6,1.0,0.3,0.0,0.2,0.8,2.0
635,Derrick Walton,PG,24,LAC,23,1,9.7,0.7,1.6,.472,0.4,0.9,.429,0.3,0.7,.533,.597,0.3,0.4,.778,0.1,0.6,0.7,1.0,0.2,0.0,0.2,0.8,2.2
636,Derrick Walton,PG,24,DET,3,0,8.7,0.3,1.0,.333,0.3,1.0,.333,0.0,0.0,,.500,0.0,0.0,,0.0,0.3,0.3,1.7,1.0,0.0,0.3,0.7,1.0
637,Brad Wanamaker,PG,30,BOS,69,1,19.3,2.3,5.1,.444,0.5,1.4,.364,1.8,3.7,.475,.494,1.8,1.9,.932,0.3,1.7,2.0,2.5,0.9,0.2,1.1,1.8,6.9
638,T.J. Warren,SF,26,IND,66,66,32.9,8.0,14.9,.538,1.3,3.3,.405,6.7,11.6,.577,.583,2.5,3.1,.819,1.0,3.2,4.2,1.5,1.2,0.5,1.3,2.8,19.9
639,P.J. Washington,PF,21,CHO,58,57,30.3,4.6,10.2,.455,1.5,4.0,.374,3.1,6.2,.507,.528,1.5,2.3,.647,1.0,4.4,5.4,2.1,0.9,0.8,1.6,2.7,12.2
640,Yuta Watanabe,SG,25,MEM,17,0,6.0,0.8,1.8,.452,0.2,0.5,.375,0.6,1.4,.478,.500,0.2,0.5,.375,0.4,0.7,1.1,0.2,0.3,0.1,0.1,0.5,2.0
641,,,,,,,,,,,,,,,,,,,,,,,,,,,,,
642,Tremont Waters,PG,22,BOS,10,0,8.9,1.2,3.5,.343,0.3,1.7,.176,0.9,1.8,.500,.386,0.6,0.6,1.000,0.0,0.9,0.9,1.2,0.5,0.2,1.0,1.1,3.3
643,Paul Watson,SF-SG,25,TOT,7,0,4.7,0.0,1.1,.000,0.0,0.6,.000,0.0,0.6,.000,.000,0.1,0.3,.500,0.0,0.9,0.9,0.7,0.1,0.1,0.0,0.3,0.1
644,Paul Watson,SG,25,ATL,2,0,8.5,0.0,3.5,.000,0.0,1.5,.000,0.0,2.0,.000,.000,0.0,0.0,,0.0,1.0,1.0,1.5,0.5,0.0,0.0,0.5,0.0
645,Paul Watson,SF,25,TOR,5,0,3.2,0.0,0.2,.000,0.0,0.2,.000,0.0,0.0,,.000,0.2,0.4,.500,0.0,0.8,0.8,0.4,0.0,0.2,0.0,0.2,0.2
646,Quinndary Weatherspoon,SG,23,SAS,9,0,7.3,0.6,1.8,.313,0.1,0.6,.200,0.4,1.2,.364,.344,0.0,0.0,,0.1,0.6,0.7,1.0,0.3,0.1,0.4,0.6,1.2
647,Russell Westbrook,PG,31,HOU,56,56,36.1,10.6,22.6,.472,0.9,3.7,.254,9.7,18.8,.515,.492,5.1,6.8,.762,1.8,6.2,8.0,7.1,1.6,0.4,4.4,3.6,27.4
648,Coby White,SG,19,CHI,65,1,25.8,4.8,12.2,.394,2.0,5.8,.354,2.8,6.4,.430,.478,1.6,2.0,.791,0.4,3.1,3.5,2.7,0.8,0.1,1.7,1.8,13.2
649,Derrick White,SG,25,SAS,67,19,24.6,3.7,8.1,.462,1.2,3.1,.375,2.6,5.0,.516,.534,2.7,3.1,.852,0.5,2.8,3.3,3.5,0.7,0.9,1.3,2.2,11.3
650,Hassan Whiteside,C,30,POR,65,61,30.4,6.6,10.7,.618,0.1,0.1,.571,6.5,10.6,.618,.620,2.4,3.6,.675,3.8,9.8,13.7,1.2,0.4,3.0,1.8,2.9,15.6
651,Andrew Wiggins,SF-SG,24,TOT,54,54,34.4,8.1,18.1,.447,2.1,6.2,.332,6.0,11.9,.506,.504,3.5,5.0,.709,1.2,3.9,5.1,3.7,0.8,1.0,2.4,2.4,21.8
652,Andrew Wiggins,SF,24,MIN,42,42,34.6,8.4,18.8,.444,2.2,6.5,.331,6.2,12.3,.505,.502,3.5,4.9,.720,1.1,4.1,5.2,3.7,0.7,0.9,2.5,2.4,22.4
653,Andrew Wiggins,SG,24,GSW,12,12,33.6,7.2,15.7,.457,1.7,4.9,.339,5.5,10.8,.512,.511,3.4,5.1,.672,1.5,3.1,4.6,3.6,1.3,1.4,2.1,2.2,19.4
654,Grant Williams,PF,21,BOS,67,5,14.9,1.3,3.0,.418,0.3,1.3,.247,0.9,1.7,.554,.473,0.6,0.8,.712,0.9,1.6,2.5,1.0,0.4,0.5,0.7,2.3,3.4
655,Johnathan Williams,C,24,WAS,13,5,11.6,1.3,2.1,.630,0.0,0.2,.000,1.3,1.9,.680,.630,0.4,0.7,.556,1.2,2.3,3.5,0.5,0.1,0.5,0.3,1.0,3.0
656,Kenrich Williams,PF,25,NOP,37,18,21.5,1.3,3.9,.343,0.7,2.6,.260,0.6,1.3,.511,.430,0.2,0.7,.346,1.3,3.5,4.9,1.5,0.7,0.6,0.6,2.2,3.6
657,Lou Williams,SG,33,LAC,64,8,28.7,6.0,14.4,.415,1.7,4.8,.353,4.3,9.6,.446,.474,4.5,5.2,.862,0.5,2.6,3.1,5.6,0.7,0.2,2.8,1.2,18.2
658,Marvin Williams,PF,33,TOT,56,1,19.6,2.1,4.7,.441,1.0,2.7,.353,1.1,2.0,.564,.544,0.9,1.0,.860,0.5,2.6,3.1,1.0,0.6,0.5,0.6,1.8,6.0
659,Marvin Williams,PF,33,CHO,41,1,19.7,2.3,5.1,.448,1.1,2.9,.376,1.2,2.3,.538,.552,1.0,1.2,.860,0.4,2.3,2.7,1.0,0.6,0.5,0.6,1.7,6.7
660,Marvin Williams,PF,33,MIL,15,0,19.4,1.5,3.5,.415,0.7,2.4,.278,0.8,1.1,.706,.509,0.4,0.5,.857,1.0,3.4,4.4,1.1,0.7,0.5,0.5,2.0,4.0
661,Robert Williams,C,22,BOS,27,1,13.6,2.1,2.9,.722,0.0,0.0,,2.1,2.9,.722,.722,0.7,1.1,.645,1.4,3.1,4.4,0.9,0.8,1.2,0.7,1.8,5.0
662,Nigel Williams-Goss,PG,25,UTA,9,0,3.1,0.1,0.8,.143,0.0,0.2,.000,0.1,0.6,.200,.143,0.2,0.2,1.000,0.2,0.3,0.6,0.6,0.1,0.1,0.2,0.2,0.4
663,Zion Williamson,PF,19,NOP,24,24,27.8,8.8,15.0,.583,0.3,0.6,.429,8.5,14.4,.590,.592,4.8,7.4,.640,2.7,3.6,6.3,2.1,0.7,0.4,2.5,1.8,22.5
664,D.J. Wilson,PF,23,MIL,34,0,8.9,1.3,3.3,.381,0.4,1.8,.242,0.8,1.5,.549,.447,0.2,0.4,.583,0.3,2.0,2.3,0.6,0.1,0.1,0.5,0.8,3.2
665,Justise Winslow,SF,23,MIA,11,5,32.0,4.5,11.7,.388,0.5,2.5,.222,4.0,9.3,.431,.411,1.6,2.5,.667,1.5,5.2,6.6,4.0,0.6,0.5,2.2,3.5,11.3
666,Christian Wood,PF,24,DET,62,12,21.4,4.6,8.2,.567,0.9,2.3,.386,3.8,5.9,.636,.620,2.9,3.9,.744,1.7,4.6,6.3,1.0,0.5,0.9,1.4,1.6,13.1
667,Delon Wright,SG,27,DAL,70,5,21.5,2.7,5.7,.466,0.7,1.8,.376,2.0,3.9,.507,.525,1.1,1.4,.792,1.0,2.9,3.9,3.3,1.1,0.3,1.0,1.3,7.1
668,,,,,,,,,,,,,,,,,,,,,,,,,,,,,
669,Justin Wright-Foreman,PG,22,UTA,2,0,6.5,1.5,4.0,.375,0.0,1.5,.000,1.5,2.5,.600,.375,1.0,1.0,1.000,0.0,1.0,1.0,0.5,0.5,0.0,1.0,0.5,4.0
670,Thaddeus Young,PF,31,CHI,64,16,24.9,4.2,9.4,.448,1.2,3.5,.356,3.0,5.9,.501,.513,0.7,1.1,.583,1.5,3.5,4.9,1.8,1.4,0.4,1.6,2.1,10.3
671,Trae Young,PG,21,ATL,60,60,35.3,9.1,20.8,.437,3.4,9.5,.361,5.7,11.4,.501,.519,8.0,9.3,.860,0.5,3.7,4.3,9.3,1.1,0.1,4.8,1.7,29.6
672,Cody Zeller,C,27,CHO,58,39,23.1,4.3,8.3,.524,0.3,1.3,.240,4.0,7.0,.577,.543,2.1,3.1,.682,2.8,4.3,7.1,1.5,0.7,0.4,1.3,2.4,11.1
673,Tyler Zeller,C,30,SAS,2,0,2.0,0.5,2.0,.250,0.0,0.0,,0.5,2.0,.250,.250,0.0,0.0,,1.5,0.5,2.0,0.0,0.0,0.0,0.0,0.0,1.0
674,Ante Žižić,C,23,CLE,22,0,10.0,1.9,3.3,.569,0.0,0.0,,1.9,3.3,.569,.569,0.6,0.9,.737,0.8,2.2,3.0,0.3,0.3,0.2,0.5,1.2,4.4
675,Ivica Zubac,C,22,LAC,70,68,18.5,3.2,5.3,.609,0.0,0.0,.000,3.2,5.3,.612,.609,1.7,2.3,.747,2.7,4.8,7.5,1.1,0.2,0.9,0.9,2.3,8.2
